timestamp,project_name,run_id,experiment_id,duration,emissions,emissions_rate,cpu_power,gpu_power,ram_power,cpu_energy,gpu_energy,ram_energy,energy_consumed,country_name,country_iso_code,region,cloud_provider,cloud_region,os,python_version,codecarbon_version,cpu_count,cpu_model,gpu_count,gpu_model,longitude,latitude,ram_total_size,tracking_mode,on_cloud,pue
2025-06-30T18:36:24,Tesseract OCR,a0ba4042-bbb2-498d-bb53-1eeaccd7273a,5b0fa12a-3dd7-45bb-9766-cc326314d9f1,0.5299751251004636,6.148363691251417e-07,1.160123069943314e-06,5.0,0.0,6.0,7.346256944907105e-07,0,8.793298616850128e-07,1.6139555561757232e-06,Germany,DEU,state of berlin,,,macOS-13.0.1-arm64-arm-64bit,3.11.6,3.0.1,10,Apple M1 Max,,,13.5112,52.5149,32.0,machine,N,1.0
2025-06-30T18:36:26,Tesseract OCR,429c4f79-323b-4641-8ca2-e1a8be3fb84f,5b0fa12a-3dd7-45bb-9766-cc326314d9f1,0.430509291938506,4.996901837918283e-07,1.1606954673192142e-06,5.0,0.0,6.0,5.968951388947769e-07,0,7.147997916520883e-07,1.3116949305468651e-06,Germany,DEU,state of berlin,,,macOS-13.0.1-arm64-arm-64bit,3.11.6,3.0.1,10,Apple M1 Max,,,13.5112,52.5149,32.0,machine,N,1.0
2025-06-30T18:36:27,Tesseract OCR,6e7a8f15-3c90-4283-914b-0ca9031aa93a,5b0fa12a-3dd7-45bb-9766-cc326314d9f1,0.7274724589660764,8.45679283095818e-07,1.1624897584408125e-06,5.0,0.0,6.0,1.0096424776646827e-06,0,1.2102795149742936e-06,2.219921992638976e-06,Germany,DEU,state of berlin,,,macOS-13.0.1-arm64-arm-64bit,3.11.6,3.0.1,10,Apple M1 Max,,,13.5112,52.5149,32.0,machine,N,1.0
2025-06-30T18:36:28,Tesseract OCR,a3a99f96-e701-4322-bbcd-00bd9735fd28,5b0fa12a-3dd7-45bb-9766-cc326314d9f1,0.3204509159550071,3.717725968095813e-07,1.1601545768768533e-06,5.0,0.0,6.0,4.441715277304563e-07,0,5.317376383269826e-07,9.759091660574388e-07,Germany,DEU,state of berlin,,,macOS-13.0.1-arm64-arm-64bit,3.11.6,3.0.1,10,Apple M1 Max,,,13.5112,52.5149,32.0,machine,N,1.0
2025-06-30T18:36:29,Tesseract OCR,0b014b8e-43a8-4968-b5ab-a96bf390d6c0,5b0fa12a-3dd7-45bb-9766-cc326314d9f1,0.37291937507689,4.328275940983682e-07,1.1606465714180876e-06,5.0,0.0,6.0,5.170418973042009e-07,0,6.191376383261134e-07,1.1361795356303145e-06,Germany,DEU,state of berlin,,,macOS-13.0.1-arm64-arm-64bit,3.11.6,3.0.1,10,Apple M1 Max,,,13.5112,52.5149,32.0,machine,N,1.0
2025-06-30T18:36:29,Tesseract OCR,e7663a1e-a187-4046-bb1a-96dece6bd966,5b0fa12a-3dd7-45bb-9766-cc326314d9f1,0.2391739160520956,2.770911778610219e-07,1.158534268430289e-06,5.0,0.0,6.0,3.3136319446687897e-07,0,3.9600569347385316e-07,7.273688879407321e-07,Germany,DEU,state of berlin,,,macOS-13.0.1-arm64-arm-64bit,3.11.6,3.0.1,10,Apple M1 Max,,,13.5112,52.5149,32.0,machine,N,1.0
2025-06-30T18:36:30,Tesseract OCR,9332021c-0d36-4f27-a9d3-f44b678f176b,5b0fa12a-3dd7-45bb-9766-cc326314d9f1,0.3462512920377776,4.018581327811052e-07,1.1605967747183471e-06,5.0,0.0,6.0,4.800540514730124e-07,0,5.74830140103586e-07,1.0548841915765984e-06,Germany,DEU,state of berlin,,,macOS-13.0.1-arm64-arm-64bit,3.11.6,3.0.1,10,Apple M1 Max,,,13.5112,52.5149,32.0,machine,N,1.0
2025-06-30T18:36:31,Tesseract OCR,16f6e24b-235d-42ca-bc91-9770b866f9e5,5b0fa12a-3dd7-45bb-9766-cc326314d9f1,0.3441005420172587,3.9917433033755515e-07,1.1600514430969254e-06,5.0,0.0,6.0,4.768309028198322e-07,0,5.710082633110384e-07,1.0478391661308703e-06,Germany,DEU,state of berlin,,,macOS-13.0.1-arm64-arm-64bit,3.11.6,3.0.1,10,Apple M1 Max,,,13.5112,52.5149,32.0,machine,N,1.0
2025-06-30T18:36:32,Tesseract OCR,4328e4aa-aed0-4954-9a88-6ef64ebeeed0,5b0fa12a-3dd7-45bb-9766-cc326314d9f1,0.4135615829145536,4.80263589811154e-07,1.161286757891102e-06,5.0,0.0,6.0,5.736298026426489e-07,0,6.870699999853969e-07,1.2606998026280457e-06,Germany,DEU,state of berlin,,,macOS-13.0.1-arm64-arm-64bit,3.11.6,3.0.1,10,Apple M1 Max,,,13.5112,52.5149,32.0,machine,N,1.0
2025-06-30T18:36:33,Tesseract OCR,6569017a-4625-4dbd-af06-701537525370,5b0fa12a-3dd7-45bb-9766-cc326314d9f1,0.5753423339920118,6.684532609037657e-07,1.1618356957425743e-06,5.0,0.0,6.0,7.981784151828227e-07,0,9.56522361569417e-07,1.7547007767522398e-06,Germany,DEU,state of berlin,,,macOS-13.0.1-arm64-arm-64bit,3.11.6,3.0.1,10,Apple M1 Max,,,13.5112,52.5149,32.0,machine,N,1.0
2025-06-30T18:36:34,Tesseract OCR,89a6a483-7319-486b-9c9e-5799458c9c34,5b0fa12a-3dd7-45bb-9766-cc326314d9f1,0.4115130410064012,4.777116174961702e-07,1.1608662907203936e-06,5.0,0.0,6.0,5.705875000179125e-07,0,6.834133334147433e-07,1.2540008334326557e-06,Germany,DEU,state of berlin,,,macOS-13.0.1-arm64-arm-64bit,3.11.6,3.0.1,10,Apple M1 Max,,,13.5112,52.5149,32.0,machine,N,1.0
2025-06-30T18:36:35,Tesseract OCR,e5c048c2-0dec-4c87-b327-0a4dba2d43d8,5b0fa12a-3dd7-45bb-9766-cc326314d9f1,0.6131639160448685,7.115619017952656e-07,1.1604758257548815e-06,5.0,0.0,6.0,8.498225695802831e-07,0,1.0180390967677038e-06,1.867861666347987e-06,Germany,DEU,state of berlin,,,macOS-13.0.1-arm64-arm-64bit,3.11.6,3.0.1,10,Apple M1 Max,,,13.5112,52.5149,32.0,machine,N,1.0
2025-06-30T18:36:36,Tesseract OCR,8c499240-a354-412a-bb47-2b505d4e4f69,5b0fa12a-3dd7-45bb-9766-cc326314d9f1,0.3090268330415711,3.5842269796538557e-07,1.159843287515326e-06,5.0,0.0,6.0,4.282806708943099e-07,0,5.125847916739683e-07,9.40865462568278e-07,Germany,DEU,state of berlin,,,macOS-13.0.1-arm64-arm-64bit,3.11.6,3.0.1,10,Apple M1 Max,,,13.5112,52.5149,32.0,machine,N,1.0
2025-06-30T18:36:37,Tesseract OCR,4775d39a-e9f8-4bce-88d5-0b1d0d90fecb,5b0fa12a-3dd7-45bb-9766-cc326314d9f1,0.2864137090509757,3.321710550606093e-07,1.159759622405119e-06,5.0,0.0,6.0,3.9702037093876345e-07,0,4.749340983107687e-07,8.719544692495321e-07,Germany,DEU,state of berlin,,,macOS-13.0.1-arm64-arm-64bit,3.11.6,3.0.1,10,Apple M1 Max,,,13.5112,52.5149,32.0,machine,N,1.0
2025-06-30T18:36:37,Tesseract OCR,664317d8-d7c3-429a-8846-960f00eff02f,5b0fa12a-3dd7-45bb-9766-cc326314d9f1,0.463319250033237,5.381401194090092e-07,1.1614887992899169e-06,5.0,0.0,6.0,6.426869207643904e-07,0,7.699397216007735e-07,1.412626642365164e-06,Germany,DEU,state of berlin,,,macOS-13.0.1-arm64-arm-64bit,3.11.6,3.0.1,10,Apple M1 Max,,,13.5112,52.5149,32.0,machine,N,1.0
2025-06-30T18:36:38,Tesseract OCR,23996c22-95b5-4cd7-9e25-32e7cab2b64e,5b0fa12a-3dd7-45bb-9766-cc326314d9f1,0.5259693330153823,6.102687253174712e-07,1.1602743487320838e-06,5.0,0.0,6.0,7.290309028273138e-07,0,8.729345134148995e-07,1.6019654162422133e-06,Germany,DEU,state of berlin,,,macOS-13.0.1-arm64-arm-64bit,3.11.6,3.0.1,10,Apple M1 Max,,,13.5112,52.5149,32.0,machine,N,1.0
2025-06-30T18:36:39,Tesseract OCR,f704f470-f8d8-4722-9c8a-da0b44255731,5b0fa12a-3dd7-45bb-9766-cc326314d9f1,0.5109764999942854,5.934583014344924e-07,1.1614199507044442e-06,5.0,0.0,6.0,7.088006944589628e-07,0,8.490370832926905e-07,1.5578377777516533e-06,Germany,DEU,state of berlin,,,macOS-13.0.1-arm64-arm-64bit,3.11.6,3.0.1,10,Apple M1 Max,,,13.5112,52.5149,32.0,machine,N,1.0
2025-06-30T18:36:40,Tesseract OCR,e75d079d-8caa-4464-8a18-3c2d4c7a4eec,5b0fa12a-3dd7-45bb-9766-cc326314d9f1,0.3668643750716001,4.255239449930604e-07,1.1598944294059949e-06,5.0,0.0,6.0,5.083803236225827e-07,0,6.086270132800564e-07,1.1170073369026392e-06,Germany,DEU,state of berlin,,,macOS-13.0.1-arm64-arm-64bit,3.11.6,3.0.1,10,Apple M1 Max,,,13.5112,52.5149,32.0,machine,N,1.0
2025-06-30T18:36:42,Tesseract OCR,5a988973-911d-40a5-be7a-db3241838fca,5b0fa12a-3dd7-45bb-9766-cc326314d9f1,0.82977758301422,9.642334179146596e-07,1.1620384036069282e-06,5.0,0.0,6.0,1.151348958309326e-06,0,1.3797795832700403e-06,2.5311285415793666e-06,Germany,DEU,state of berlin,,,macOS-13.0.1-arm64-arm-64bit,3.11.6,3.0.1,10,Apple M1 Max,,,13.5112,52.5149,32.0,machine,N,1.0
2025-06-30T18:36:43,Tesseract OCR,5ae4499a-f630-4ec1-a98c-832b845fffe0,5b0fa12a-3dd7-45bb-9766-cc326314d9f1,0.7335105000529438,8.521847848610747e-07,1.1617894833128702e-06,5.0,0.0,6.0,1.0176426514388169e-06,0,1.2193563900655137e-06,2.2369990415043303e-06,Germany,DEU,state of berlin,,,macOS-13.0.1-arm64-arm-64bit,3.11.6,3.0.1,10,Apple M1 Max,,,13.5112,52.5149,32.0,machine,N,1.0
2025-06-30T18:36:44,Tesseract OCR,83153a79-e7f3-4557-affd-95b731f0bd71,5b0fa12a-3dd7-45bb-9766-cc326314d9f1,0.4999472090275958,5.798600314375539e-07,1.1598425213041785e-06,5.0,0.0,6.0,6.928391791815455e-07,0,8.293029167301332e-07,1.5221420959116786e-06,Germany,DEU,state of berlin,,,macOS-13.0.1-arm64-arm-64bit,3.11.6,3.0.1,10,Apple M1 Max,,,13.5112,52.5149,32.0,machine,N,1.0
2025-06-30T18:36:45,Tesseract OCR,2b2c460b-c206-4aaa-8190-8128140656db,5b0fa12a-3dd7-45bb-9766-cc326314d9f1,0.4928717919392511,5.723226224060231e-07,1.161199792250567e-06,5.0,0.0,6.0,6.835502318507578e-07,0,8.188060416917627e-07,1.5023562735425205e-06,Germany,DEU,state of berlin,,,macOS-13.0.1-arm64-arm-64bit,3.11.6,3.0.1,10,Apple M1 Max,,,13.5112,52.5149,32.0,machine,N,1.0
2025-06-30T18:36:48,Tesseract OCR,9da0ba74-2e2f-47ef-be6b-6c46407925d9,5b0fa12a-3dd7-45bb-9766-cc326314d9f1,0.2401841669343412,2.78277820005903e-07,1.1586018493965733e-06,5.0,0.0,6.0,3.326519680235328e-07,0,3.978318750159815e-07,7.304838430395143e-07,Germany,DEU,state of berlin,,,macOS-13.0.1-arm64-arm-64bit,3.11.6,3.0.1,10,Apple M1 Max,,,13.5112,52.5149,32.0,machine,N,1.0
2025-06-30T18:36:50,Tesseract OCR,9139de4c-3861-45ec-8c7d-9f46bc4006a5,5b0fa12a-3dd7-45bb-9766-cc326314d9f1,0.2667851669248193,3.092763962682512e-07,1.159271333684777e-06,5.0,0.0,6.0,3.696851277103027e-07,0,4.421704865914459e-07,8.118556143017486e-07,Germany,DEU,state of berlin,,,macOS-13.0.1-arm64-arm-64bit,3.11.6,3.0.1,10,Apple M1 Max,,,13.5112,52.5149,32.0,machine,N,1.0
2025-06-30T18:36:51,Tesseract OCR,a21218f9-aed7-4999-bc9c-92036a2d46c9,5b0fa12a-3dd7-45bb-9766-cc326314d9f1,0.2526827499968931,2.922922826114147e-07,1.1567559820170098e-06,5.0,0.0,6.0,3.4957141243568104e-07,0,4.1770062486951545e-07,7.672720373051965e-07,Germany,DEU,state of berlin,,,macOS-13.0.1-arm64-arm-64bit,3.11.6,3.0.1,10,Apple M1 Max,,,13.5112,52.5149,32.0,machine,N,1.0
2025-06-30T18:36:52,Tesseract OCR,9d7bf304-14e9-4e76-b454-ff36a482573f,5b0fa12a-3dd7-45bb-9766-cc326314d9f1,0.3384347079554572,3.918435513346194e-07,1.1578113654530714e-06,5.0,0.0,6.0,4.685243625620691e-07,0,5.600713884147505e-07,1.0285957509768196e-06,Germany,DEU,state of berlin,,,macOS-13.0.1-arm64-arm-64bit,3.11.6,3.0.1,10,Apple M1 Max,,,13.5112,52.5149,32.0,machine,N,1.0
2025-06-30T18:36:53,Tesseract OCR,3bd6f1ef-60c3-4737-8fcc-933c0804a029,5b0fa12a-3dd7-45bb-9766-cc326314d9f1,0.6078262920491397,7.062787515078186e-07,1.1619746640553672e-06,5.0,0.0,6.0,8.433313652252158e-07,0,1.0106619449409966e-06,1.8539933101662125e-06,Germany,DEU,state of berlin,,,macOS-13.0.1-arm64-arm-64bit,3.11.6,3.0.1,10,Apple M1 Max,,,13.5112,52.5149,32.0,machine,N,1.0
2025-06-30T18:36:54,Tesseract OCR,58ad8582-28a7-41e8-8c50-59afbc940899,5b0fa12a-3dd7-45bb-9766-cc326314d9f1,0.3279615410137921,3.803993860070381e-07,1.1598902262477193e-06,5.0,0.0,6.0,4.544942125600454e-07,0,5.440604166748624e-07,9.985546292349076e-07,Germany,DEU,state of berlin,,,macOS-13.0.1-arm64-arm-64bit,3.11.6,3.0.1,10,Apple M1 Max,,,13.5112,52.5149,32.0,machine,N,1.0
2025-06-30T18:36:55,Tesseract OCR,40488787-d92f-4a43-8bea-eea63947f46a,5b0fa12a-3dd7-45bb-9766-cc326314d9f1,0.5063811660511419,5.882908734624896e-07,1.1617550432416264e-06,5.0,0.0,6.0,7.025288194806005e-07,0,8.417443750659004e-07,1.544273194546501e-06,Germany,DEU,state of berlin,,,macOS-13.0.1-arm64-arm-64bit,3.11.6,3.0.1,10,Apple M1 Max,,,13.5112,52.5149,32.0,machine,N,1.0
2025-06-30T18:36:56,Tesseract OCR,c0725a5a-a905-4d22-993d-53128c2d5f48,5b0fa12a-3dd7-45bb-9766-cc326314d9f1,0.3147218339145183,3.651464878000407e-07,1.1602197510682343e-06,5.0,0.0,6.0,4.3636024299000083e-07,0,5.221552782071134e-07,9.585155211971142e-07,Germany,DEU,state of berlin,,,macOS-13.0.1-arm64-arm-64bit,3.11.6,3.0.1,10,Apple M1 Max,,,13.5112,52.5149,32.0,machine,N,1.0
2025-06-30T18:36:56,Tesseract OCR,55980671-87e9-4f2b-997a-099b3a213946,5b0fa12a-3dd7-45bb-9766-cc326314d9f1,0.3953506669495255,4.5915859420808394e-07,1.1613957749227847e-06,5.0,0.0,6.0,5.484217596757743e-07,0,6.568770832382142e-07,1.2052988429139883e-06,Germany,DEU,state of berlin,,,macOS-13.0.1-arm64-arm-64bit,3.11.6,3.0.1,10,Apple M1 Max,,,13.5112,52.5149,32.0,machine,N,1.0
2025-06-30T18:36:57,Tesseract OCR,033a3217-19b3-44dc-9d82-4bd49e982794,5b0fa12a-3dd7-45bb-9766-cc326314d9f1,0.4115951670100912,4.779382564463756e-07,1.1611852974810509e-06,5.0,0.0,6.0,5.708329861388646e-07,0,6.83762778256399e-07,1.2545957643952636e-06,Germany,DEU,state of berlin,,,macOS-13.0.1-arm64-arm-64bit,3.11.6,3.0.1,10,Apple M1 Max,,,13.5112,52.5149,32.0,machine,N,1.0
2025-06-30T18:36:58,Tesseract OCR,bcbd64ed-8d8f-48e0-aa52-061f9bd24088,5b0fa12a-3dd7-45bb-9766-cc326314d9f1,0.5155759580666199,5.979952924787665e-07,1.1598587620749705e-06,5.0,0.0,6.0,7.14543981949747e-07,0,8.552034717286005e-07,1.5697474536783477e-06,Germany,DEU,state of berlin,,,macOS-13.0.1-arm64-arm-64bit,3.11.6,3.0.1,10,Apple M1 Max,,,13.5112,52.5149,32.0,machine,N,1.0
2025-06-30T18:36:59,Tesseract OCR,64ee94c4-61fd-4726-883e-a219e441a88e,5b0fa12a-3dd7-45bb-9766-cc326314d9f1,0.2713019590592012,3.139083914027077e-07,1.1570443224636255e-06,5.0,0.0,6.0,3.753891208260837e-07,0,4.486255566977585e-07,8.240146775238423e-07,Germany,DEU,state of berlin,,,macOS-13.0.1-arm64-arm-64bit,3.11.6,3.0.1,10,Apple M1 Max,,,13.5112,52.5149,32.0,machine,N,1.0
2025-06-30T18:37:00,Tesseract OCR,bbdb8f90-0236-4ce1-8e5e-8f79dd5b454c,5b0fa12a-3dd7-45bb-9766-cc326314d9f1,0.2322271669982001,2.6792158420753224e-07,1.1537047438106531e-06,5.0,0.0,6.0,3.206089708126254e-07,0,3.826895833481103e-07,7.032985541607357e-07,Germany,DEU,state of berlin,,,macOS-13.0.1-arm64-arm-64bit,3.11.6,3.0.1,10,Apple M1 Max,,,13.5112,52.5149,32.0,machine,N,1.0
2025-06-30T18:37:01,Tesseract OCR,756d9bf1-e4d9-425a-b00f-4da516e1af00,5b0fa12a-3dd7-45bb-9766-cc326314d9f1,0.6284162079682574,7.303313524902835e-07,1.1621777784050632e-06,5.0,0.0,6.0,8.71997337445565e-07,0,1.0451344449150687e-06,1.9171317823606337e-06,Germany,DEU,state of berlin,,,macOS-13.0.1-arm64-arm-64bit,3.11.6,3.0.1,10,Apple M1 Max,,,13.5112,52.5149,32.0,machine,N,1.0
2025-06-30T18:37:02,Tesseract OCR,a02c5328-20fb-4366-b6ce-dcbc2a1bbe08,5b0fa12a-3dd7-45bb-9766-cc326314d9f1,0.4627272089710459,5.374815750090364e-07,1.1615516973903907e-06,5.0,0.0,6.0,6.419223957992574e-07,0,7.689755567116662e-07,1.4108979525109236e-06,Germany,DEU,state of berlin,,,macOS-13.0.1-arm64-arm-64bit,3.11.6,3.0.1,10,Apple M1 Max,,,13.5112,52.5149,32.0,machine,N,1.0
2025-06-30T18:37:03,Tesseract OCR,8097b29d-51f2-46d3-8246-98b6a0ad6a67,5b0fa12a-3dd7-45bb-9766-cc326314d9f1,0.4669454580871388,5.419129622849739e-07,1.1605487384007172e-06,5.0,0.0,6.0,6.473031250708219e-07,0,7.752272917423397e-07,1.4225304168131615e-06,Germany,DEU,state of berlin,,,macOS-13.0.1-arm64-arm-64bit,3.11.6,3.0.1,10,Apple M1 Max,,,13.5112,52.5149,32.0,machine,N,1.0
2025-06-30T18:37:04,Tesseract OCR,f74779b3-549c-4691-bcd4-56ffd770ca6b,5b0fa12a-3dd7-45bb-9766-cc326314d9f1,0.4658699169522151,5.409841099849679e-07,1.161234263684936e-06,5.0,0.0,6.0,6.461850110402641e-07,0,7.739071532463034e-07,1.4200921642865677e-06,Germany,DEU,state of berlin,,,macOS-13.0.1-arm64-arm-64bit,3.11.6,3.0.1,10,Apple M1 Max,,,13.5112,52.5149,32.0,machine,N,1.0
2025-06-30T18:37:05,Tesseract OCR,b0e18191-2857-47bd-98c8-285fc5301314,5b0fa12a-3dd7-45bb-9766-cc326314d9f1,0.5860205839853734,6.801928652212228e-07,1.1606979068813731e-06,5.0,0.0,6.0,8.123399306593153e-07,0,9.731775000303362e-07,1.7855174306896517e-06,Germany,DEU,state of berlin,,,macOS-13.0.1-arm64-arm-64bit,3.11.6,3.0.1,10,Apple M1 Max,,,13.5112,52.5149,32.0,machine,N,1.0
2025-06-30T18:37:06,Tesseract OCR,29ded22e-dc24-49e6-a2fd-aa6c8d24ac1d,5b0fa12a-3dd7-45bb-9766-cc326314d9f1,0.2971801660023629,3.440872889592008e-07,1.157840691684871e-06,5.0,0.0,6.0,4.114281819460706e-07,0,4.918065967891986e-07,9.032347787352692e-07,Germany,DEU,state of berlin,,,macOS-13.0.1-arm64-arm-64bit,3.11.6,3.0.1,10,Apple M1 Max,,,13.5112,52.5149,32.0,machine,N,1.0
2025-06-30T18:37:07,Tesseract OCR,3a83417a-fe2b-405a-b841-2df57828336c,5b0fa12a-3dd7-45bb-9766-cc326314d9f1,0.664615083951503,7.717920243082562e-07,1.1612616730266294e-06,5.0,0.0,6.0,9.216288777275218e-07,0,1.1043378483736887e-06,2.0259667261012107e-06,Germany,DEU,state of berlin,,,macOS-13.0.1-arm64-arm-64bit,3.11.6,3.0.1,10,Apple M1 Max,,,13.5112,52.5149,32.0,machine,N,1.0
2025-06-30T18:37:08,Tesseract OCR,0514b835-d984-4785-9e51-b535d3581223,5b0fa12a-3dd7-45bb-9766-cc326314d9f1,0.5811525409808382,6.752230192645334e-07,1.1618688238460215e-06,5.0,0.0,6.0,8.062761569615557e-07,0,9.661953465547414e-07,1.7724715035162971e-06,Germany,DEU,state of berlin,,,macOS-13.0.1-arm64-arm-64bit,3.11.6,3.0.1,10,Apple M1 Max,,,13.5112,52.5149,32.0,machine,N,1.0
2025-06-30T18:37:09,Tesseract OCR,4040f74c-01d4-4709-868f-f27faf679dd1,5b0fa12a-3dd7-45bb-9766-cc326314d9f1,0.5363953340565786,6.223261594013311e-07,1.1602005459199029e-06,5.0,0.0,6.0,7.433813084693004e-07,0,8.902350700615594e-07,1.63361637853086e-06,Germany,DEU,state of berlin,,,macOS-13.0.1-arm64-arm-64bit,3.11.6,3.0.1,10,Apple M1 Max,,,13.5112,52.5149,32.0,machine,N,1.0
2025-06-30T18:37:10,Tesseract OCR,0e17e239-ed35-4158-b547-786050079f7d,5b0fa12a-3dd7-45bb-9766-cc326314d9f1,0.5963313750689849,6.926902301429154e-07,1.1615860897186292e-06,5.0,0.0,6.0,8.27255440364954e-07,0,9.91067778280315e-07,1.8183232186452697e-06,Germany,DEU,state of berlin,,,macOS-13.0.1-arm64-arm-64bit,3.11.6,3.0.1,10,Apple M1 Max,,,13.5112,52.5149,32.0,machine,N,1.0
2025-06-30T18:37:14,Tesseract OCR,121fddc2-649b-4a88-824a-edeae0697cd6,5b0fa12a-3dd7-45bb-9766-cc326314d9f1,0.6422347920015454,7.46205966841449e-07,1.1618896642392638e-06,5.0,0.0,6.0,8.91047280553418e-07,0,1.0677556249235447e-06,1.9588029054769626e-06,Germany,DEU,state of berlin,,,macOS-13.0.1-arm64-arm-64bit,3.11.6,3.0.1,10,Apple M1 Max,,,13.5112,52.5149,32.0,machine,N,1.0
2025-06-30T18:37:16,Tesseract OCR,b375e9c0-2aa8-40c2-9572-c45ce0cd1692,5b0fa12a-3dd7-45bb-9766-cc326314d9f1,0.3630038750125095,4.213998092404395e-07,1.1608686249586665e-06,5.0,0.0,6.0,5.034446763198098e-07,0,6.027367365701745e-07,1.1061814128899843e-06,Germany,DEU,state of berlin,,,macOS-13.0.1-arm64-arm-64bit,3.11.6,3.0.1,10,Apple M1 Max,,,13.5112,52.5149,32.0,machine,N,1.0
2025-06-30T18:37:17,Tesseract OCR,8a3e2082-716b-4e94-bd82-b08289d15c8b,5b0fa12a-3dd7-45bb-9766-cc326314d9f1,0.6952835000120103,8.081294070740827e-07,1.162302006390376e-06,5.0,0.0,6.0,9.648324653325189e-07,0,1.156520486692898e-06,2.121352952025417e-06,Germany,DEU,state of berlin,,,macOS-13.0.1-arm64-arm-64bit,3.11.6,3.0.1,10,Apple M1 Max,,,13.5112,52.5149,32.0,machine,N,1.0
2025-06-30T18:37:18,Tesseract OCR,9d94b8e4-e4fb-41d0-a08a-06be87c51cc6,5b0fa12a-3dd7-45bb-9766-cc326314d9f1,0.4476592090213671,5.197534800720976e-07,1.161047219844615e-06,5.0,0.0,6.0,6.208891207481631e-07,0,7.43472291699921e-07,1.364361412448084e-06,Germany,DEU,state of berlin,,,macOS-13.0.1-arm64-arm-64bit,3.11.6,3.0.1,10,Apple M1 Max,,,13.5112,52.5149,32.0,machine,N,1.0
2025-06-30T18:37:19,Tesseract OCR,67163513-9e91-40f6-9d98-8a656e0cac0d,5b0fa12a-3dd7-45bb-9766-cc326314d9f1,0.3729207500582561,4.316211515803072e-07,1.157407174347046e-06,5.0,0.0,6.0,5.16460937473716e-07,0,6.165516667533666e-07,1.1330126042270827e-06,Germany,DEU,state of berlin,,,macOS-13.0.1-arm64-arm-64bit,3.11.6,3.0.1,10,Apple M1 Max,,,13.5112,52.5149,32.0,machine,N,1.0
2025-06-30T18:37:20,Tesseract OCR,dde5e618-b17f-4cd2-8a6d-453c43f2f4f4,5b0fa12a-3dd7-45bb-9766-cc326314d9f1,0.490876791998744,5.690256283970779e-07,1.1592025487294457e-06,5.0,0.0,6.0,6.79934665256749e-07,0,8.137669449206442e-07,1.4937016101773932e-06,Germany,DEU,state of berlin,,,macOS-13.0.1-arm64-arm-64bit,3.11.6,3.0.1,10,Apple M1 Max,,,13.5112,52.5149,32.0,machine,N,1.0
2025-06-30T18:37:21,Tesseract OCR,409dfc6c-f0d3-4d35-b397-3ee871517f2f,5b0fa12a-3dd7-45bb-9766-cc326314d9f1,0.6748324170475826,7.837419046238906e-07,1.1613874568337886e-06,5.0,0.0,6.0,9.359058445423012e-07,0,1.1214295134413988e-06,2.0573353579837e-06,Germany,DEU,state of berlin,,,macOS-13.0.1-arm64-arm-64bit,3.11.6,3.0.1,10,Apple M1 Max,,,13.5112,52.5149,32.0,machine,N,1.0
2025-06-30T18:37:22,Tesseract OCR,3040b0f2-69c6-43e7-aceb-b6c522c14ae1,5b0fa12a-3dd7-45bb-9766-cc326314d9f1,0.2488259159727022,2.877099119880036e-07,1.1562698799411522e-06,5.0,0.0,6.0,3.442400458475782e-07,0,4.110031933911766e-07,7.552432392387547e-07,Germany,DEU,state of berlin,,,macOS-13.0.1-arm64-arm-64bit,3.11.6,3.0.1,10,Apple M1 Max,,,13.5112,52.5149,32.0,machine,N,1.0
2025-06-30T18:37:23,Tesseract OCR,c41f23e3-4c29-43de-b703-b050e449355d,5b0fa12a-3dd7-45bb-9766-cc326314d9f1,0.4157166250515729,4.82255918945797e-07,1.1600592564369283e-06,5.0,0.0,6.0,5.762619208932544e-07,0,6.896677784000834e-07,1.2659296992933378e-06,Germany,DEU,state of berlin,,,macOS-13.0.1-arm64-arm-64bit,3.11.6,3.0.1,10,Apple M1 Max,,,13.5112,52.5149,32.0,machine,N,1.0
2025-06-30T18:37:23,Tesseract OCR,1cffeb44-a95e-4542-9b9e-78bae2290d09,5b0fa12a-3dd7-45bb-9766-cc326314d9f1,0.3435825830092653,3.9867152467956154e-07,1.1603368284498013e-06,5.0,0.0,6.0,4.763205430612693e-07,0,5.701987499681612e-07,1.0465192930294304e-06,Germany,DEU,state of berlin,,,macOS-13.0.1-arm64-arm-64bit,3.11.6,3.0.1,10,Apple M1 Max,,,13.5112,52.5149,32.0,machine,N,1.0
2025-06-30T18:37:24,Tesseract OCR,a2705dcd-f9aa-42b1-b009-d9b6ad4d5ddf,5b0fa12a-3dd7-45bb-9766-cc326314d9f1,0.4714519169647246,5.475213403446186e-07,1.161351392671473e-06,5.0,0.0,6.0,6.538850695101751e-07,0,7.833674317225814e-07,1.4372525012327563e-06,Germany,DEU,state of berlin,,,macOS-13.0.1-arm64-arm-64bit,3.11.6,3.0.1,10,Apple M1 Max,,,13.5112,52.5149,32.0,machine,N,1.0
2025-06-30T18:37:25,Tesseract OCR,49f471f6-14e9-467e-9744-2bba2399f768,5b0fa12a-3dd7-45bb-9766-cc326314d9f1,0.5228291669627652,6.063077885728741e-07,1.1596671090388004e-06,5.0,0.0,6.0,7.242837957973179e-07,0,8.672840965058035e-07,1.5915678923031217e-06,Germany,DEU,state of berlin,,,macOS-13.0.1-arm64-arm-64bit,3.11.6,3.0.1,10,Apple M1 Max,,,13.5112,52.5149,32.0,machine,N,1.0
2025-06-30T18:37:26,Tesseract OCR,ce2f470b-80c3-47af-b6b2-7a5c6dd879ab,5b0fa12a-3dd7-45bb-9766-cc326314d9f1,0.4447744999779388,5.165561502110634e-07,1.161388861629174e-06,5.0,0.0,6.0,6.169026041687983e-07,0,7.390657649375499e-07,1.355968369106348e-06,Germany,DEU,state of berlin,,,macOS-13.0.1-arm64-arm-64bit,3.11.6,3.0.1,10,Apple M1 Max,,,13.5112,52.5149,32.0,machine,N,1.0
2025-06-30T18:37:28,Tesseract OCR,ac61527a-1200-4bdf-808c-fd02ffa1f73f,5b0fa12a-3dd7-45bb-9766-cc326314d9f1,1.196552125038579,1.3907989439311187e-06,1.1623387856055803e-06,5.0,0.0,6.0,1.6602650457773257e-06,0,1.9906049999796475e-06,3.6508700457569727e-06,Germany,DEU,state of berlin,,,macOS-13.0.1-arm64-arm-64bit,3.11.6,3.0.1,10,Apple M1 Max,,,13.5112,52.5149,32.0,machine,N,1.0
2025-06-30T18:37:29,Tesseract OCR,c4a07400-37cf-4503-96a1-8d6c745179bb,5b0fa12a-3dd7-45bb-9766-cc326314d9f1,0.7178610420087352,8.33397895925067e-07,1.160945986974072e-06,5.0,0.0,6.0,9.952238431045165e-07,0,1.1924593067184711e-06,2.1876831498229874e-06,Germany,DEU,state of berlin,,,macOS-13.0.1-arm64-arm-64bit,3.11.6,3.0.1,10,Apple M1 Max,,,13.5112,52.5149,32.0,machine,N,1.0
2025-06-30T18:37:30,Tesseract OCR,6148cfad-20cb-4994-a43e-9c1ab6b72009,5b0fa12a-3dd7-45bb-9766-cc326314d9f1,0.3539384589530527,4.091220910511717e-07,1.1559130710501248e-06,5.0,0.0,6.0,4.89000811163957e-07,0,5.849513900466264e-07,1.0739522012105831e-06,Germany,DEU,state of berlin,,,macOS-13.0.1-arm64-arm-64bit,3.11.6,3.0.1,10,Apple M1 Max,,,13.5112,52.5149,32.0,machine,N,1.0
2025-06-30T18:37:31,Tesseract OCR,8e062f80-3405-477e-b82d-7ec8e1160eeb,5b0fa12a-3dd7-45bb-9766-cc326314d9f1,0.5733871659031138,6.659779886460067e-07,1.161480459014212e-06,5.0,0.0,6.0,7.952530082548036e-07,0,9.529501382106296e-07,1.748203146465433e-06,Germany,DEU,state of berlin,,,macOS-13.0.1-arm64-arm-64bit,3.11.6,3.0.1,10,Apple M1 Max,,,13.5112,52.5149,32.0,machine,N,1.0
2025-06-30T18:37:32,Tesseract OCR,5c04a844-1a51-4906-8e46-bf2df1df920e,5b0fa12a-3dd7-45bb-9766-cc326314d9f1,0.2796156249241903,3.2408857480227017e-07,1.1590503030370258e-06,5.0,0.0,6.0,3.873456026970719e-07,0,4.633922232702996e-07,8.507378259673714e-07,Germany,DEU,state of berlin,,,macOS-13.0.1-arm64-arm-64bit,3.11.6,3.0.1,10,Apple M1 Max,,,13.5112,52.5149,32.0,machine,N,1.0
2025-06-30T18:37:34,Tesseract OCR,c4dacc74-3148-4689-a0d7-2f420357d8d5,5b0fa12a-3dd7-45bb-9766-cc326314d9f1,1.141964958049357,1.328084384436837e-06,1.1629817316858822e-06,5.0,0.0,6.0,1.585207118154762e-06,0,1.9010361800125488e-06,3.486243298167311e-06,Germany,DEU,state of berlin,,,macOS-13.0.1-arm64-arm-64bit,3.11.6,3.0.1,10,Apple M1 Max,,,13.5112,52.5149,32.0,machine,N,1.0
2025-06-30T18:37:35,Tesseract OCR,069c5c69-f3d5-43cf-a4aa-4208c264f652,5b0fa12a-3dd7-45bb-9766-cc326314d9f1,0.7486276250565425,8.698186549834291e-07,1.1618842611074275e-06,5.0,0.0,6.0,1.038661226468523e-06,0,1.2446270134144771e-06,2.2832882398830005e-06,Germany,DEU,state of berlin,,,macOS-13.0.1-arm64-arm-64bit,3.11.6,3.0.1,10,Apple M1 Max,,,13.5112,52.5149,32.0,machine,N,1.0
2025-06-30T18:37:39,Tesseract OCR,75a7d2ca-cf47-44c8-b7ba-b3d79326ecca,5b0fa12a-3dd7-45bb-9766-cc326314d9f1,0.5148205420700833,5.97438360748313e-07,1.160478869677626e-06,5.0,0.0,6.0,7.137367487302981e-07,0,8.545487500183904e-07,1.5682854987486886e-06,Germany,DEU,state of berlin,,,macOS-13.0.1-arm64-arm-64bit,3.11.6,3.0.1,10,Apple M1 Max,,,13.5112,52.5149,32.0,machine,N,1.0
2025-06-30T18:37:41,Tesseract OCR,999db8af-50f3-45cb-97fd-77d9671d21d2,5b0fa12a-3dd7-45bb-9766-cc326314d9f1,0.7512573329731822,8.722856937728147e-07,1.1611010708150425e-06,5.0,0.0,6.0,1.0418273138283338e-06,0,1.247936943351912e-06,2.289764257180246e-06,Germany,DEU,state of berlin,,,macOS-13.0.1-arm64-arm-64bit,3.11.6,3.0.1,10,Apple M1 Max,,,13.5112,52.5149,32.0,machine,N,1.0
2025-06-30T18:37:42,Tesseract OCR,7bcd66e6-02d9-4b98-927d-d2dbafc9eac4,5b0fa12a-3dd7-45bb-9766-cc326314d9f1,0.3693752089748159,4.280100105098132e-07,1.1587404896439465e-06,5.0,0.0,6.0,5.114633680528237e-07,0,6.120699316185588e-07,1.1235332996713826e-06,Germany,DEU,state of berlin,,,macOS-13.0.1-arm64-arm-64bit,3.11.6,3.0.1,10,Apple M1 Max,,,13.5112,52.5149,32.0,machine,N,1.0
2025-06-30T18:37:43,Tesseract OCR,cd525c55-3f33-4715-82f8-a07bd9e4885a,5b0fa12a-3dd7-45bb-9766-cc326314d9f1,0.4897414590232074,5.687494266047643e-07,1.161325871285512e-06,5.0,0.0,6.0,6.79244561049725e-07,0,8.13732014891381e-07,1.492976575941106e-06,Germany,DEU,state of berlin,,,macOS-13.0.1-arm64-arm-64bit,3.11.6,3.0.1,10,Apple M1 Max,,,13.5112,52.5149,32.0,machine,N,1.0
2025-06-30T18:37:44,Tesseract OCR,7d77c739-ac0c-45a7-9332-cc96ecd51692,5b0fa12a-3dd7-45bb-9766-cc326314d9f1,0.4419792080298066,5.130893590489545e-07,1.16089026299706e-06,5.0,0.0,6.0,6.128461805120525e-07,0,7.34021804916362e-07,1.3468679854284144e-06,Germany,DEU,state of berlin,,,macOS-13.0.1-arm64-arm-64bit,3.11.6,3.0.1,10,Apple M1 Max,,,13.5112,52.5149,32.0,machine,N,1.0
2025-06-30T18:37:45,Tesseract OCR,cc08f7de-8ce6-470e-be9c-304d049f2873,5b0fa12a-3dd7-45bb-9766-cc326314d9f1,0.3338623329764232,3.873880324096892e-07,1.1603226663998836e-06,5.0,0.0,6.0,4.627950806429403e-07,0,5.54104860057123e-07,1.0168999407000634e-06,Germany,DEU,state of berlin,,,macOS-13.0.1-arm64-arm-64bit,3.11.6,3.0.1,10,Apple M1 Max,,,13.5112,52.5149,32.0,machine,N,1.0
2025-06-30T18:37:46,Tesseract OCR,4f2a0d57-8eac-4a84-a524-38ca4a6d355b,5b0fa12a-3dd7-45bb-9766-cc326314d9f1,0.4290019579930231,4.981648005672033e-07,1.161218011446244e-06,5.0,0.0,6.0,5.949589695471029e-07,0,7.127318050091466e-07,1.3076907745562497e-06,Germany,DEU,state of berlin,,,macOS-13.0.1-arm64-arm-64bit,3.11.6,3.0.1,10,Apple M1 Max,,,13.5112,52.5149,32.0,machine,N,1.0
2025-06-30T18:37:47,Tesseract OCR,15079bfd-18f1-46ca-908d-1eec1c4bc319,5b0fa12a-3dd7-45bb-9766-cc326314d9f1,0.4766822500387206,5.536996482614874e-07,1.1615696792077126e-06,5.0,0.0,6.0,6.612817708325262e-07,0,7.921888900455088e-07,1.453470660878035e-06,Germany,DEU,state of berlin,,,macOS-13.0.1-arm64-arm-64bit,3.11.6,3.0.1,10,Apple M1 Max,,,13.5112,52.5149,32.0,machine,N,1.0
2025-06-30T18:37:48,Tesseract OCR,63510b16-64c5-4d88-bdc5-1b6084c3b407,5b0fa12a-3dd7-45bb-9766-cc326314d9f1,0.4092661669710651,4.751460470080169e-07,1.160970745577436e-06,5.0,0.0,6.0,5.675493639298818e-07,0,6.797168048797176e-07,1.2472661688095994e-06,Germany,DEU,state of berlin,,,macOS-13.0.1-arm64-arm-64bit,3.11.6,3.0.1,10,Apple M1 Max,,,13.5112,52.5149,32.0,machine,N,1.0
2025-06-30T18:37:49,Tesseract OCR,b0a2bc29-0ac2-494d-b58a-f6d1761984e7,5b0fa12a-3dd7-45bb-9766-cc326314d9f1,1.1670087919337675,1.3573305288065783e-06,1.1630850925788162e-06,5.0,0.0,6.0,1.6200938653330216e-06,0,1.9429210416274147e-06,3.5630149069604364e-06,Germany,DEU,state of berlin,,,macOS-13.0.1-arm64-arm-64bit,3.11.6,3.0.1,10,Apple M1 Max,,,13.5112,52.5149,32.0,machine,N,1.0
2025-06-30T18:37:50,Tesseract OCR,9529a988-299c-4eba-abf6-64846a6112eb,5b0fa12a-3dd7-45bb-9766-cc326314d9f1,0.5187853339593858,6.020832832491772e-07,1.160563423514807e-06,5.0,0.0,6.0,7.191342597555679e-07,0,8.613442367641254e-07,1.5804784965196931e-06,Germany,DEU,state of berlin,,,macOS-13.0.1-arm64-arm-64bit,3.11.6,3.0.1,10,Apple M1 Max,,,13.5112,52.5149,32.0,machine,N,1.0
2025-06-30T18:37:51,Tesseract OCR,6273e725-d8b6-451e-a684-c8cad7d3ce05,5b0fa12a-3dd7-45bb-9766-cc326314d9f1,0.2251809580484405,2.60975674945195e-07,1.1589597859737958e-06,5.0,0.0,6.0,3.119582750110163e-07,0,3.7310715337904786e-07,6.850654283900641e-07,Germany,DEU,state of berlin,,,macOS-13.0.1-arm64-arm-64bit,3.11.6,3.0.1,10,Apple M1 Max,,,13.5112,52.5149,32.0,machine,N,1.0
2025-06-30T18:37:52,Tesseract OCR,f37eaf5c-3134-452c-b7e2-7c8373ad0534,5b0fa12a-3dd7-45bb-9766-cc326314d9f1,0.3455281250644475,4.009005726421617e-07,1.1602545308500896e-06,5.0,0.0,6.0,4.790418986683815e-07,0,5.733286818334212e-07,1.0523705805018023e-06,Germany,DEU,state of berlin,,,macOS-13.0.1-arm64-arm-64bit,3.11.6,3.0.1,10,Apple M1 Max,,,13.5112,52.5149,32.0,machine,N,1.0
2025-06-30T18:37:53,Tesseract OCR,34ed17b8-a9eb-41bc-aaf2-7988635bb2af,5b0fa12a-3dd7-45bb-9766-cc326314d9f1,0.2461565419798717,2.853559982859863e-07,1.159246047213809e-06,5.0,0.0,6.0,3.41046122129127e-07,0,4.080180550226942e-07,7.490641771518213e-07,Germany,DEU,state of berlin,,,macOS-13.0.1-arm64-arm-64bit,3.11.6,3.0.1,10,Apple M1 Max,,,13.5112,52.5149,32.0,machine,N,1.0
2025-06-30T18:37:53,Tesseract OCR,311bf194-4aba-4e0c-9a99-da61de86f613,5b0fa12a-3dd7-45bb-9766-cc326314d9f1,0.2269189159851521,2.629564597557668e-07,1.1588124269594723e-06,5.0,0.0,6.0,3.143432860573133e-07,0,3.759217349579558e-07,6.902650210152691e-07,Germany,DEU,state of berlin,,,macOS-13.0.1-arm64-arm-64bit,3.11.6,3.0.1,10,Apple M1 Max,,,13.5112,52.5149,32.0,machine,N,1.0
2025-06-30T18:37:54,Tesseract OCR,624e7551-0a9d-450c-af1b-2096882739c0,5b0fa12a-3dd7-45bb-9766-cc326314d9f1,0.452584582963027,5.256008421782803e-07,1.1613317420960806e-06,5.0,0.0,6.0,6.27751388916901e-07,0,7.519594449937966e-07,1.3797108339106975e-06,Germany,DEU,state of berlin,,,macOS-13.0.1-arm64-arm-64bit,3.11.6,3.0.1,10,Apple M1 Max,,,13.5112,52.5149,32.0,machine,N,1.0
2025-06-30T18:37:55,Tesseract OCR,6689e1f8-2fda-4efa-9126-7dca555ebf46,5b0fa12a-3dd7-45bb-9766-cc326314d9f1,0.514910832978785,5.981927468445534e-07,1.161740457826413e-06,5.0,0.0,6.0,7.144495945087531e-07,0,8.558161801192909e-07,1.570265774628044e-06,Germany,DEU,state of berlin,,,macOS-13.0.1-arm64-arm-64bit,3.11.6,3.0.1,10,Apple M1 Max,,,13.5112,52.5149,32.0,machine,N,1.0
2025-06-30T18:37:56,Tesseract OCR,c219e28c-d027-439e-bbdb-bd4b3f568781,5b0fa12a-3dd7-45bb-9766-cc326314d9f1,0.2205068749608472,2.554068338810612e-07,1.1582715229464422e-06,5.0,0.0,6.0,3.053567124879919e-07,0,3.650904167443514e-07,6.704471292323433e-07,Germany,DEU,state of berlin,,,macOS-13.0.1-arm64-arm-64bit,3.11.6,3.0.1,10,Apple M1 Max,,,13.5112,52.5149,32.0,machine,N,1.0
2025-06-30T18:37:57,Tesseract OCR,2c2db529-2cf0-4412-b28a-4c85a3ae329c,5b0fa12a-3dd7-45bb-9766-cc326314d9f1,0.901213417062536,1.0477864591067207e-06,1.1626396581199746e-06,5.0,0.0,6.0,1.2507983805133132e-06,0,1.499658264995863e-06,2.7504566455091764e-06,Germany,DEU,state of berlin,,,macOS-13.0.1-arm64-arm-64bit,3.11.6,3.0.1,10,Apple M1 Max,,,13.5112,52.5149,32.0,machine,N,1.0
2025-06-30T18:37:58,Tesseract OCR,edac0307-3209-48bc-a359-35b7a4c2801a,5b0fa12a-3dd7-45bb-9766-cc326314d9f1,0.4645380839938298,5.394557779848304e-07,1.1612735243295912e-06,5.0,0.0,6.0,6.443205444763103e-07,0,7.717597232355426e-07,1.4160802677118528e-06,Germany,DEU,state of berlin,,,macOS-13.0.1-arm64-arm-64bit,3.11.6,3.0.1,10,Apple M1 Max,,,13.5112,52.5149,32.0,machine,N,1.0
2025-06-30T18:37:59,Tesseract OCR,842355bb-808d-4220-b9fd-2405ea3dd464,5b0fa12a-3dd7-45bb-9766-cc326314d9f1,0.3845211669104174,4.462026301795898e-07,1.1604110997705946e-06,5.0,0.0,6.0,5.330406832702768e-07,0,6.382485415088014e-07,1.171289224779078e-06,Germany,DEU,state of berlin,,,macOS-13.0.1-arm64-arm-64bit,3.11.6,3.0.1,10,Apple M1 Max,,,13.5112,52.5149,32.0,machine,N,1.0
2025-06-30T18:38:00,Tesseract OCR,e03ed1fe-e077-4476-ae9c-d951e19b48df,5b0fa12a-3dd7-45bb-9766-cc326314d9f1,0.3661970840767026,4.247868253739273e-07,1.1599951060368156e-06,5.0,0.0,6.0,5.076391208502981e-07,0,6.074332649586723e-07,1.1150723858089705e-06,Germany,DEU,state of berlin,,,macOS-13.0.1-arm64-arm-64bit,3.11.6,3.0.1,10,Apple M1 Max,,,13.5112,52.5149,32.0,machine,N,1.0
2025-06-30T18:38:04,Tesseract OCR,d18a6ae0-248e-4adf-8b03-3aeed8b4a5c0,5b0fa12a-3dd7-45bb-9766-cc326314d9f1,0.6087802500696853,7.063996377775588e-07,1.1603524222356085e-06,5.0,0.0,6.0,8.438148736281114e-07,0,1.0104957649794718e-06,1.8543106386075831e-06,Germany,DEU,state of berlin,,,macOS-13.0.1-arm64-arm-64bit,3.11.6,3.0.1,10,Apple M1 Max,,,13.5112,52.5149,32.0,machine,N,1.0
2025-06-30T18:38:06,Tesseract OCR,884c885a-1762-4404-a79c-a0ccd3d217d9,5b0fa12a-3dd7-45bb-9766-cc326314d9f1,0.5380864590406418,6.24903643500359e-07,1.1613443025764004e-06,5.0,0.0,6.0,7.463957181446151e-07,0,8.939865984333059e-07,1.640382316577921e-06,Germany,DEU,state of berlin,,,macOS-13.0.1-arm64-arm-64bit,3.11.6,3.0.1,10,Apple M1 Max,,,13.5112,52.5149,32.0,machine,N,1.0
2025-06-30T18:38:07,Tesseract OCR,4060912d-10fb-43cc-be81-61fe1ef62faa,5b0fa12a-3dd7-45bb-9766-cc326314d9f1,0.3250632080016657,3.7713835323002906e-07,1.1602000593930534e-06,5.0,0.0,6.0,4.505799195612781e-07,0,5.394144451323276e-07,9.899943646936056e-07,Germany,DEU,state of berlin,,,macOS-13.0.1-arm64-arm-64bit,3.11.6,3.0.1,10,Apple M1 Max,,,13.5112,52.5149,32.0,machine,N,1.0
2025-06-30T18:38:08,Tesseract OCR,8857a219-1841-4e3b-b74e-401ceceee5f7,5b0fa12a-3dd7-45bb-9766-cc326314d9f1,0.2750834169564768,3.1896012802924416e-07,1.159503293794367e-06,5.0,0.0,6.0,3.811693874821585e-07,0,4.5610618156691395e-07,8.372755690490724e-07,Germany,DEU,state of berlin,,,macOS-13.0.1-arm64-arm-64bit,3.11.6,3.0.1,10,Apple M1 Max,,,13.5112,52.5149,32.0,machine,N,1.0
2025-06-30T18:38:09,Tesseract OCR,985563c7-aeb1-48d3-8f56-05ad02c93749,5b0fa12a-3dd7-45bb-9766-cc326314d9f1,1.0145604580175132,1.179736016998648e-06,1.1628050429876734e-06,5.0,0.0,6.0,1.4082041082373403e-06,0,1.6886222915491091e-06,3.0968263997864496e-06,Germany,DEU,state of berlin,,,macOS-13.0.1-arm64-arm-64bit,3.11.6,3.0.1,10,Apple M1 Max,,,13.5112,52.5149,32.0,machine,N,1.0
2025-06-30T18:38:11,Tesseract OCR,96bd8341-fb90-4f56-a333-603859c08cf8,5b0fa12a-3dd7-45bb-9766-cc326314d9f1,0.614481333992444,7.140241047224068e-07,1.1619947836058872e-06,5.0,0.0,6.0,8.525601277748744e-07,0,1.0217648616526277e-06,1.874324989427502e-06,Germany,DEU,state of berlin,,,macOS-13.0.1-arm64-arm-64bit,3.11.6,3.0.1,10,Apple M1 Max,,,13.5112,52.5149,32.0,machine,N,1.0
2025-06-30T18:38:12,Tesseract OCR,5088f870-3264-48b7-b927-f31316338c98,5b0fa12a-3dd7-45bb-9766-cc326314d9f1,0.4221596660790965,4.901551505971486e-07,1.1610658004104834e-06,5.0,0.0,6.0,5.854293403293317e-07,0,7.012359716463833e-07,1.286665311975715e-06,Germany,DEU,state of berlin,,,macOS-13.0.1-arm64-arm-64bit,3.11.6,3.0.1,10,Apple M1 Max,,,13.5112,52.5149,32.0,machine,N,1.0
2025-06-30T18:38:13,Tesseract OCR,63cff401-0087-43ef-b9e2-7f836adfe3f3,5b0fa12a-3dd7-45bb-9766-cc326314d9f1,0.5250740830088034,6.09854499364081e-07,1.1614637231178217e-06,5.0,0.0,6.0,7.28405844549545e-07,0,8.72472221769082e-07,1.6008780663186272e-06,Germany,DEU,state of berlin,,,macOS-13.0.1-arm64-arm-64bit,3.11.6,3.0.1,10,Apple M1 Max,,,13.5112,52.5149,32.0,machine,N,1.0
2025-06-30T18:38:14,Tesseract OCR,01c12b4e-d5b9-4703-b0ac-a143736e185d,5b0fa12a-3dd7-45bb-9766-cc326314d9f1,1.1160098750842735,1.2978785282415193e-06,1.162963300968562e-06,5.0,0.0,6.0,1.5491677084355616e-06,0,1.8577847216511144e-06,3.406952430086676e-06,Germany,DEU,state of berlin,,,macOS-13.0.1-arm64-arm-64bit,3.11.6,3.0.1,10,Apple M1 Max,,,13.5112,52.5149,32.0,machine,N,1.0
2025-06-30T18:38:15,Tesseract OCR,677ff587-efe9-497f-a4a7-3877e1596463,5b0fa12a-3dd7-45bb-9766-cc326314d9f1,0.3027511250693351,3.50336276204542e-07,1.1571758028126538e-06,5.0,0.0,6.0,4.1874548607868036e-07,0,5.008929866986971e-07,9.196384727773776e-07,Germany,DEU,state of berlin,,,macOS-13.0.1-arm64-arm-64bit,3.11.6,3.0.1,10,Apple M1 Max,,,13.5112,52.5149,32.0,machine,N,1.0
2025-06-30T18:38:16,Tesseract OCR,a944acb1-26fb-4484-bba0-bfaac5752339,5b0fa12a-3dd7-45bb-9766-cc326314d9f1,0.4144295000005513,4.802739519665791e-07,1.1588797418280797e-06,5.0,0.0,6.0,5.739261000093797e-07,0,6.86800903446662e-07,1.2607270034560416e-06,Germany,DEU,state of berlin,,,macOS-13.0.1-arm64-arm-64bit,3.11.6,3.0.1,10,Apple M1 Max,,,13.5112,52.5149,32.0,machine,N,1.0
2025-06-30T18:38:17,Tesseract OCR,f55cba90-41aa-4ef0-a052-5a7d17779b61,5b0fa12a-3dd7-45bb-9766-cc326314d9f1,0.3501267499523237,4.056741006489271e-07,1.1586492626003786e-06,5.0,0.0,6.0,4.848177666038585e-07,0,5.800834032318865e-07,1.064901169835745e-06,Germany,DEU,state of berlin,,,macOS-13.0.1-arm64-arm-64bit,3.11.6,3.0.1,10,Apple M1 Max,,,13.5112,52.5149,32.0,machine,N,1.0
2025-06-30T18:38:18,Tesseract OCR,cd087b9c-28fd-4b18-b95b-ebb2c45c4552,5b0fa12a-3dd7-45bb-9766-cc326314d9f1,0.3707445419859141,4.299162680029727e-07,1.1596024197688845e-06,5.0,0.0,6.0,5.136220486343114e-07,0,6.149152082313473e-07,1.128537256865659e-06,Germany,DEU,state of berlin,,,macOS-13.0.1-arm64-arm-64bit,3.11.6,3.0.1,10,Apple M1 Max,,,13.5112,52.5149,32.0,machine,N,1.0
2025-06-30T18:38:19,Tesseract OCR,c21302f6-5fb8-4dca-be4d-dd79eb819cb2,5b0fa12a-3dd7-45bb-9766-cc326314d9f1,0.5936989999609068,6.889563682318662e-07,1.1604472439354485e-06,5.0,0.0,6.0,8.22871701449104e-07,0,9.856500684206064e-07,1.8085217698697104e-06,Germany,DEU,state of berlin,,,macOS-13.0.1-arm64-arm-64bit,3.11.6,3.0.1,10,Apple M1 Max,,,13.5112,52.5149,32.0,machine,N,1.0
2025-06-30T18:38:20,Tesseract OCR,b30ba634-3a1c-4333-b76b-0c7754e81691,5b0fa12a-3dd7-45bb-9766-cc326314d9f1,0.4697946669766679,5.449998745294886e-07,1.1600810158974318e-06,5.0,0.0,6.0,6.510368055185406e-07,0,7.795968065814427e-07,1.4306336120999832e-06,Germany,DEU,state of berlin,,,macOS-13.0.1-arm64-arm-64bit,3.11.6,3.0.1,10,Apple M1 Max,,,13.5112,52.5149,32.0,machine,N,1.0
2025-06-30T18:38:21,Tesseract OCR,ff5e254c-575e-4fa6-a014-b69e2c025754,5b0fa12a-3dd7-45bb-9766-cc326314d9f1,0.5152320830384269,5.970342577152769e-07,1.158767626026792e-06,5.0,0.0,6.0,7.135635416489095e-07,0,8.536611800082027e-07,1.5672247216571125e-06,Germany,DEU,state of berlin,,,macOS-13.0.1-arm64-arm-64bit,3.11.6,3.0.1,10,Apple M1 Max,,,13.5112,52.5149,32.0,machine,N,1.0
2025-06-30T18:38:22,Tesseract OCR,1d8cf39a-501a-44a4-840d-f2a7e9a875f4,5b0fa12a-3dd7-45bb-9766-cc326314d9f1,0.4203711249865591,4.875511507767903e-07,1.1598112282150189e-06,5.0,0.0,6.0,5.825146998783264e-07,0,6.973150698468089e-07,1.2798297697251353e-06,Germany,DEU,state of berlin,,,macOS-13.0.1-arm64-arm-64bit,3.11.6,3.0.1,10,Apple M1 Max,,,13.5112,52.5149,32.0,machine,N,1.0
2025-06-30T18:38:23,Tesseract OCR,2060c47d-32c5-43b7-a4a8-66b43ec9d45e,5b0fa12a-3dd7-45bb-9766-cc326314d9f1,0.3471754170022905,4.017083401147102e-07,1.1570759922556956e-06,5.0,0.0,6.0,4.801707749720663e-07,0,5.743202083976939e-07,1.0544909833697602e-06,Germany,DEU,state of berlin,,,macOS-13.0.1-arm64-arm-64bit,3.11.6,3.0.1,10,Apple M1 Max,,,13.5112,52.5149,32.0,machine,N,1.0
2025-06-30T18:38:24,Tesseract OCR,2d9030c0-1e3b-46cc-938a-b0479f6d0e13,5b0fa12a-3dd7-45bb-9766-cc326314d9f1,0.427925833966583,4.953711858014285e-07,1.157609909197752e-06,5.0,0.0,6.0,5.92038600007072e-07,0,7.0831888995599e-07,1.3003574899630622e-06,Germany,DEU,state of berlin,,,macOS-13.0.1-arm64-arm-64bit,3.11.6,3.0.1,10,Apple M1 Max,,,13.5112,52.5149,32.0,machine,N,1.0
2025-06-30T18:38:25,Tesseract OCR,fa1a0f19-f2cc-46e4-a6bb-e9f3d232e54a,5b0fa12a-3dd7-45bb-9766-cc326314d9f1,0.5515782920410857,6.400007802121755e-07,1.160308136572756e-06,5.0,0.0,6.0,7.644313665676035e-07,0,9.155811815677832e-07,1.6800125481353866e-06,Germany,DEU,state of berlin,,,macOS-13.0.1-arm64-arm-64bit,3.11.6,3.0.1,10,Apple M1 Max,,,13.5112,52.5149,32.0,machine,N,1.0
2025-06-30T18:38:29,Tesseract OCR,f8ac659d-8d9e-4609-b2bc-213b75e63b6f,5b0fa12a-3dd7-45bb-9766-cc326314d9f1,0.447512875078246,5.196601081145265e-07,1.1612182286904388e-06,5.0,0.0,6.0,6.206684611647184e-07,0,7.434478483628482e-07,1.3641163095275666e-06,Germany,DEU,state of berlin,,,macOS-13.0.1-arm64-arm-64bit,3.11.6,3.0.1,10,Apple M1 Max,,,13.5112,52.5149,32.0,machine,N,1.0
2025-06-30T18:38:31,Tesseract OCR,54cc1c92-e396-49d5-9eac-0ae396291a55,5b0fa12a-3dd7-45bb-9766-cc326314d9f1,0.7487250830745324,8.703573775003042e-07,1.162452543898097e-06,5.0,0.0,6.0,1.039091840276443e-06,0,1.245610555051826e-06,2.284702395328269e-06,Germany,DEU,state of berlin,,,macOS-13.0.1-arm64-arm-64bit,3.11.6,3.0.1,10,Apple M1 Max,,,13.5112,52.5149,32.0,machine,N,1.0
2025-06-30T18:38:32,Tesseract OCR,2c6bac8c-42c8-44c5-b34e-cfa0a3d65228,5b0fa12a-3dd7-45bb-9766-cc326314d9f1,0.78850012505427,9.166160355754872e-07,1.1624805202312418e-06,5.0,0.0,6.0,1.0943032416333965e-06,0,1.3118288900780802e-06,2.4061321317114767e-06,Germany,DEU,state of berlin,,,macOS-13.0.1-arm64-arm-64bit,3.11.6,3.0.1,10,Apple M1 Max,,,13.5112,52.5149,32.0,machine,N,1.0
2025-06-30T18:38:33,Tesseract OCR,e58c33be-29d7-42d1-a6a5-096780bcdbb3,5b0fa12a-3dd7-45bb-9766-cc326314d9f1,0.4481305000372231,5.204125146452667e-07,1.1612967977007583e-06,5.0,0.0,6.0,6.215440972785777e-07,0,7.445472917364289e-07,1.3660913890150066e-06,Germany,DEU,state of berlin,,,macOS-13.0.1-arm64-arm-64bit,3.11.6,3.0.1,10,Apple M1 Max,,,13.5112,52.5149,32.0,machine,N,1.0
2025-06-30T18:38:35,Tesseract OCR,716ed848-728a-44b1-bf83-f2b6b536e4ed,5b0fa12a-3dd7-45bb-9766-cc326314d9f1,1.0253939159447327,1.192393777184494e-06,1.162864103875532e-06,5.0,0.0,6.0,1.4233321179441795e-06,0,1.7067211099977916e-06,3.1300532279419715e-06,Germany,DEU,state of berlin,,,macOS-13.0.1-arm64-arm-64bit,3.11.6,3.0.1,10,Apple M1 Max,,,13.5112,52.5149,32.0,machine,N,1.0
2025-06-30T18:38:36,Tesseract OCR,0d422330-499d-4f7b-a0f6-ea676a9673e1,5b0fa12a-3dd7-45bb-9766-cc326314d9f1,0.4233908749883994,4.916089337216156e-07,1.1611231199422643e-06,5.0,0.0,6.0,5.871583916208086e-07,0,7.033231249079108e-07,1.2904815165287193e-06,Germany,DEU,state of berlin,,,macOS-13.0.1-arm64-arm-64bit,3.11.6,3.0.1,10,Apple M1 Max,,,13.5112,52.5149,32.0,machine,N,1.0
2025-06-30T18:38:37,Tesseract OCR,ee7ac268-4e0d-4e55-b27a-cd741f3e9991,5b0fa12a-3dd7-45bb-9766-cc326314d9f1,0.5466904999921098,6.352311660394303e-07,1.1619575720606053e-06,5.0,0.0,6.0,7.585454277836511e-07,0,9.089468048963074e-07,1.6674922326799586e-06,Germany,DEU,state of berlin,,,macOS-13.0.1-arm64-arm-64bit,3.11.6,3.0.1,10,Apple M1 Max,,,13.5112,52.5149,32.0,machine,N,1.0
2025-06-30T18:38:37,Tesseract OCR,a3d87a26-13e2-4ad2-95db-c6ade483afba,5b0fa12a-3dd7-45bb-9766-cc326314d9f1,0.4712060419842601,5.472956444511785e-07,1.1614784100528577e-06,5.0,0.0,6.0,6.536015040991413e-07,0,7.830585417104885e-07,1.4366600458096298e-06,Germany,DEU,state of berlin,,,macOS-13.0.1-arm64-arm-64bit,3.11.6,3.0.1,10,Apple M1 Max,,,13.5112,52.5149,32.0,machine,N,1.0
2025-06-30T18:38:38,Tesseract OCR,b7ceb795-90a8-49d6-900f-c05ca3beb45a,5b0fa12a-3dd7-45bb-9766-cc326314d9f1,0.5122797921067104,5.950763914150738e-07,1.1616237856423517e-06,5.0,0.0,6.0,7.106096653539377e-07,0,8.514756251436968e-07,1.5620852904976344e-06,Germany,DEU,state of berlin,,,macOS-13.0.1-arm64-arm-64bit,3.11.6,3.0.1,10,Apple M1 Max,,,13.5112,52.5149,32.0,machine,N,1.0
2025-06-30T18:38:39,Tesseract OCR,2bb8fa0c-56cc-4f29-8806-6e8129117c1f,5b0fa12a-3dd7-45bb-9766-cc326314d9f1,0.4021607919130474,4.668534487673735e-07,1.160862665270247e-06,5.0,0.0,6.0,5.57627545721415e-07,0,6.678704166552052e-07,1.2254979623766205e-06,Germany,DEU,state of berlin,,,macOS-13.0.1-arm64-arm-64bit,3.11.6,3.0.1,10,Apple M1 Max,,,13.5112,52.5149,32.0,machine,N,1.0
2025-06-30T18:38:40,Tesseract OCR,f09be598-26f6-45db-a5de-161e87b9c67b,5b0fa12a-3dd7-45bb-9766-cc326314d9f1,0.5224584169918671,6.068879845712008e-07,1.161600550079085e-06,5.0,0.0,6.0,7.246728596833741e-07,0,8.684180566342548e-07,1.593090916317629e-06,Germany,DEU,state of berlin,,,macOS-13.0.1-arm64-arm-64bit,3.11.6,3.0.1,10,Apple M1 Max,,,13.5112,52.5149,32.0,machine,N,1.0
2025-06-30T18:38:41,Tesseract OCR,2ce4df19-9a7c-40b8-9acf-68040353a38b,5b0fa12a-3dd7-45bb-9766-cc326314d9f1,0.5723351249471307,6.649713108491463e-07,1.1618565449928884e-06,5.0,0.0,6.0,7.94010879083847e-07,0,9.515497216489168e-07,1.7455606007327636e-06,Germany,DEU,state of berlin,,,macOS-13.0.1-arm64-arm-64bit,3.11.6,3.0.1,10,Apple M1 Max,,,13.5112,52.5149,32.0,machine,N,1.0
2025-06-30T18:38:42,Tesseract OCR,0a082c86-27d2-4e8f-b371-682309003bb2,5b0fa12a-3dd7-45bb-9766-cc326314d9f1,0.5183641250478104,6.018125652864353e-07,1.1609842120747228e-06,5.0,0.0,6.0,7.189357056631706e-07,0,8.608321517628307e-07,1.5797678574260011e-06,Germany,DEU,state of berlin,,,macOS-13.0.1-arm64-arm-64bit,3.11.6,3.0.1,10,Apple M1 Max,,,13.5112,52.5149,32.0,machine,N,1.0
2025-06-30T18:38:43,Tesseract OCR,cafad0e7-0052-405f-85fb-1bb2f5ae112e,5b0fa12a-3dd7-45bb-9766-cc326314d9f1,0.3408569580642506,3.95458091933007e-07,1.1601878224192337e-06,5.0,0.0,6.0,4.726016193874077e-07,0,5.654823599616065e-07,1.0380839793490145e-06,Germany,DEU,state of berlin,,,macOS-13.0.1-arm64-arm-64bit,3.11.6,3.0.1,10,Apple M1 Max,,,13.5112,52.5149,32.0,machine,N,1.0
2025-06-30T18:38:44,Tesseract OCR,5856b0b7-7ae7-4b97-bec7-c38b727dff9e,5b0fa12a-3dd7-45bb-9766-cc326314d9f1,0.4176600000355392,4.849163779595499e-07,1.1610314081269158e-06,5.0,0.0,6.0,5.79194559638078e-07,0,6.937188882147894e-07,1.2729134478528674e-06,Germany,DEU,state of berlin,,,macOS-13.0.1-arm64-arm-64bit,3.11.6,3.0.1,10,Apple M1 Max,,,13.5112,52.5149,32.0,machine,N,1.0
2025-06-30T18:38:45,Tesseract OCR,b9b33826-a859-4bec-b49a-9ac3dc0e480f,5b0fa12a-3dd7-45bb-9766-cc326314d9f1,0.3985838330117985,4.628555067059174e-07,1.161250076824406e-06,5.0,0.0,6.0,5.528324653924857e-07,0,6.621708334811653e-07,1.215003298873651e-06,Germany,DEU,state of berlin,,,macOS-13.0.1-arm64-arm-64bit,3.11.6,3.0.1,10,Apple M1 Max,,,13.5112,52.5149,32.0,machine,N,1.0
2025-06-30T18:38:46,Tesseract OCR,1de2c33e-cdcb-41c8-b33f-f9cbc0c8a1eb,5b0fa12a-3dd7-45bb-9766-cc326314d9f1,0.5776756249833852,6.711441742956636e-07,1.1618010960995052e-06,5.0,0.0,6.0,8.014637735969802e-07,0,9.603006949570652e-07,1.7617644685540454e-06,Germany,DEU,state of berlin,,,macOS-13.0.1-arm64-arm-64bit,3.11.6,3.0.1,10,Apple M1 Max,,,13.5112,52.5149,32.0,machine,N,1.0
2025-06-30T18:38:47,Tesseract OCR,e3ab7da8-e978-4aa3-87af-ed801ca7b763,5b0fa12a-3dd7-45bb-9766-cc326314d9f1,0.4364727500360459,5.06740364386637e-07,1.1609896937318265e-06,5.0,0.0,6.0,6.052939235814847e-07,0,7.249078466945017e-07,1.3302017702759865e-06,Germany,DEU,state of berlin,,,macOS-13.0.1-arm64-arm-64bit,3.11.6,3.0.1,10,Apple M1 Max,,,13.5112,52.5149,32.0,machine,N,1.0
2025-06-30T18:38:48,Tesseract OCR,ea7bbf22-0f80-4ebc-b409-2265756df582,5b0fa12a-3dd7-45bb-9766-cc326314d9f1,0.3938387079397216,4.5734576545078833e-07,1.1612514367703712e-06,5.0,0.0,6.0,5.462746527175316e-07,0,6.542654849666482e-07,1.2005401376841798e-06,Germany,DEU,state of berlin,,,macOS-13.0.1-arm64-arm-64bit,3.11.6,3.0.1,10,Apple M1 Max,,,13.5112,52.5149,32.0,machine,N,1.0
2025-06-30T18:38:49,Tesseract OCR,0933aea2-d519-4ff2-992a-3bb5c0936377,5b0fa12a-3dd7-45bb-9766-cc326314d9f1,0.5888902499573305,6.842119840212948e-07,1.1618667214661323e-06,5.0,0.0,6.0,8.169740735967126e-07,0,9.790936098822082e-07,1.7960676834789207e-06,Germany,DEU,state of berlin,,,macOS-13.0.1-arm64-arm-64bit,3.11.6,3.0.1,10,Apple M1 Max,,,13.5112,52.5149,32.0,machine,N,1.0
2025-06-30T18:38:50,Tesseract OCR,ddcd16cd-fe2f-4119-9270-e5b5afc906cc,5b0fa12a-3dd7-45bb-9766-cc326314d9f1,0.850710750091821,9.890973234392536e-07,1.1626717110751169e-06,5.0,0.0,6.0,1.1807498265018995e-06,0,1.4156468750055258e-06,2.5963967015074253e-06,Germany,DEU,state of berlin,,,macOS-13.0.1-arm64-arm-64bit,3.11.6,3.0.1,10,Apple M1 Max,,,13.5112,52.5149,32.0,machine,N,1.0
2025-06-30T18:38:54,Tesseract OCR,efd86558-3d17-4710-8623-1044d8c2c515,5b0fa12a-3dd7-45bb-9766-cc326314d9f1,0.3015002920292318,3.4975738629172945e-07,1.1600565423592324e-06,5.0,0.0,6.0,4.179326972613732e-07,0,5.001861799973994e-07,9.181188772587726e-07,Germany,DEU,state of berlin,,,macOS-13.0.1-arm64-arm-64bit,3.11.6,3.0.1,10,Apple M1 Max,,,13.5112,52.5149,32.0,machine,N,1.0
2025-06-30T18:38:56,Tesseract OCR,0d47f469-382b-4ebe-82e6-05e26ddb632e,5b0fa12a-3dd7-45bb-9766-cc326314d9f1,0.2912068750010803,3.375814483720396e-07,1.159249582863685e-06,5.0,0.0,6.0,4.034220486775868e-07,0,4.827347917792698e-07,8.861568404568567e-07,Germany,DEU,state of berlin,,,macOS-13.0.1-arm64-arm-64bit,3.11.6,3.0.1,10,Apple M1 Max,,,13.5112,52.5149,32.0,machine,N,1.0
2025-06-30T18:38:57,Tesseract OCR,838b416a-792b-4000-a70b-b45329a30d1d,5b0fa12a-3dd7-45bb-9766-cc326314d9f1,0.5647792919771746,6.550890406253166e-07,1.1599027264827406e-06,5.0,0.0,6.0,7.824890625973543e-07,0,9.371304166658472e-07,1.7196194792632014e-06,Germany,DEU,state of berlin,,,macOS-13.0.1-arm64-arm-64bit,3.11.6,3.0.1,10,Apple M1 Max,,,13.5112,52.5149,32.0,machine,N,1.0
2025-06-30T18:38:58,Tesseract OCR,9e0277c8-d001-402a-a923-66decf42d5aa,5b0fa12a-3dd7-45bb-9766-cc326314d9f1,0.410991208977066,4.7591153208399033e-07,1.1579603691974515e-06,5.0,0.0,6.0,5.686457179965348e-07,0,6.806298616963129e-07,1.2492755796928476e-06,Germany,DEU,state of berlin,,,macOS-13.0.1-arm64-arm-64bit,3.11.6,3.0.1,10,Apple M1 Max,,,13.5112,52.5149,32.0,machine,N,1.0
2025-06-30T18:38:59,Tesseract OCR,7d45381e-98da-41b8-a7d7-160795ac88d9,5b0fa12a-3dd7-45bb-9766-cc326314d9f1,0.990216749953106,1.15032051403231e-06,1.1616855744833505e-06,5.0,0.0,6.0,1.3736304985488665e-06,0,1.6459797233498346e-06,3.0196102218987007e-06,Germany,DEU,state of berlin,,,macOS-13.0.1-arm64-arm-64bit,3.11.6,3.0.1,10,Apple M1 Max,,,13.5112,52.5149,32.0,machine,N,1.0
2025-06-30T18:39:00,Tesseract OCR,2337cb0a-5641-48a4-904c-a9a59b580a09,5b0fa12a-3dd7-45bb-9766-cc326314d9f1,0.3190567919518798,3.696519488445952e-07,1.1585772757984294e-06,5.0,0.0,6.0,4.4177743046829066e-07,0,5.285649998889615e-07,9.70342430357252e-07,Germany,DEU,state of berlin,,,macOS-13.0.1-arm64-arm-64bit,3.11.6,3.0.1,10,Apple M1 Max,,,13.5112,52.5149,32.0,machine,N,1.0
2025-06-30T18:39:01,Tesseract OCR,2727ad26-aadc-46dc-991b-1ac3a2d725e4,5b0fa12a-3dd7-45bb-9766-cc326314d9f1,0.2799745000666007,3.241552270357934e-07,1.157802681882396e-06,5.0,0.0,6.0,3.874919556740982e-07,0,4.634208334997918e-07,8.509127891738899e-07,Germany,DEU,state of berlin,,,macOS-13.0.1-arm64-arm-64bit,3.11.6,3.0.1,10,Apple M1 Max,,,13.5112,52.5149,32.0,machine,N,1.0
2025-06-30T18:39:02,Tesseract OCR,d375bcda-64a2-48cb-810f-2a2fab195441,5b0fa12a-3dd7-45bb-9766-cc326314d9f1,0.6885891670826823,7.995153691551807e-07,1.1610919941457326e-06,5.0,0.0,6.0,9.550507528021828e-07,0,1.1436902083611736e-06,2.0987409611633564e-06,Germany,DEU,state of berlin,,,macOS-13.0.1-arm64-arm-64bit,3.11.6,3.0.1,10,Apple M1 Max,,,13.5112,52.5149,32.0,machine,N,1.0
2025-06-30T18:39:04,Tesseract OCR,69eb7460-6553-4a19-9f12-b21358ebd4f1,5b0fa12a-3dd7-45bb-9766-cc326314d9f1,1.2264064999762925,1.4263019014649423e-06,1.1629927772663585e-06,5.0,0.0,6.0,1.702408391671876e-06,0,2.041657500085421e-06,3.744065891757297e-06,Germany,DEU,state of berlin,,,macOS-13.0.1-arm64-arm-64bit,3.11.6,3.0.1,10,Apple M1 Max,,,13.5112,52.5149,32.0,machine,N,1.0
2025-06-30T18:39:05,Tesseract OCR,39e9a065-936e-49d3-aaa1-e54f14195b08,5b0fa12a-3dd7-45bb-9766-cc326314d9f1,0.2864077910780906,3.321539199533679e-07,1.1597237585719318e-06,5.0,0.0,6.0,3.969348375297462e-07,0,4.749746517821526e-07,8.719094893118988e-07,Germany,DEU,state of berlin,,,macOS-13.0.1-arm64-arm-64bit,3.11.6,3.0.1,10,Apple M1 Max,,,13.5112,52.5149,32.0,machine,N,1.0
2025-06-30T18:39:06,Tesseract OCR,89ea6b6c-fab5-4543-86e1-7c46a51b2bb1,5b0fa12a-3dd7-45bb-9766-cc326314d9f1,0.588613333995454,6.836889110012919e-07,1.161524674204156e-06,5.0,0.0,6.0,8.166123847735839e-07,0,9.780822234461083e-07,1.7946946082196925e-06,Germany,DEU,state of berlin,,,macOS-13.0.1-arm64-arm-64bit,3.11.6,3.0.1,10,Apple M1 Max,,,13.5112,52.5149,32.0,machine,N,1.0
2025-06-30T18:39:07,Tesseract OCR,5db8c448-2978-46fe-b211-61979829051a,5b0fa12a-3dd7-45bb-9766-cc326314d9f1,0.2260020830435678,2.6186382207543324e-07,1.1586787986593565e-06,5.0,0.0,6.0,3.1301724585419937e-07,0,3.743795833239953e-07,6.873968291781947e-07,Germany,DEU,state of berlin,,,macOS-13.0.1-arm64-arm-64bit,3.11.6,3.0.1,10,Apple M1 Max,,,13.5112,52.5149,32.0,machine,N,1.0
2025-06-30T18:39:08,Tesseract OCR,c72d1016-9d56-4f11-94d3-997c095024e6,5b0fa12a-3dd7-45bb-9766-cc326314d9f1,0.5423187079140916,6.300087163170943e-07,1.161694603419238e-06,5.0,0.0,6.0,7.523655082978722e-07,0,9.014177081796032e-07,1.6537832164774753e-06,Germany,DEU,state of berlin,,,macOS-13.0.1-arm64-arm-64bit,3.11.6,3.0.1,10,Apple M1 Max,,,13.5112,52.5149,32.0,machine,N,1.0
2025-06-30T18:39:09,Tesseract OCR,ab064c24-218c-41b3-b458-d4850e6ade54,5b0fa12a-3dd7-45bb-9766-cc326314d9f1,0.4031407079892233,4.680739215476933e-07,1.1610683621665063e-06,5.0,0.0,6.0,5.591031818767079e-07,0,6.695985415717587e-07,1.2287017234484665e-06,Germany,DEU,state of berlin,,,macOS-13.0.1-arm64-arm-64bit,3.11.6,3.0.1,10,Apple M1 Max,,,13.5112,52.5149,32.0,machine,N,1.0
2025-06-30T18:39:10,Tesseract OCR,15d75cdf-55ec-4da5-8a2a-db1b6930a7ae,5b0fa12a-3dd7-45bb-9766-cc326314d9f1,0.4528867920162156,5.259258311835293e-07,1.1612743856851062e-06,5.0,0.0,6.0,6.282209486622984e-07,0,7.52342986719062e-07,1.3805639353813604e-06,Germany,DEU,state of berlin,,,macOS-13.0.1-arm64-arm-64bit,3.11.6,3.0.1,10,Apple M1 Max,,,13.5112,52.5149,32.0,machine,N,1.0
2025-06-30T18:39:11,Tesseract OCR,ddf5fc21-24f7-426d-afd4-80aa4e21f326,5b0fa12a-3dd7-45bb-9766-cc326314d9f1,0.4799318750156089,5.568383270086246e-07,1.1602445180173007e-06,5.0,0.0,6.0,6.651762722564551e-07,0,7.965334718270848e-07,1.46170974408354e-06,Germany,DEU,state of berlin,,,macOS-13.0.1-arm64-arm-64bit,3.11.6,3.0.1,10,Apple M1 Max,,,13.5112,52.5149,32.0,machine,N,1.0
2025-06-30T18:39:12,Tesseract OCR,98782b54-f808-40d5-b995-1ea0fac34d19,5b0fa12a-3dd7-45bb-9766-cc326314d9f1,0.6984740840271115,8.118146577984543e-07,1.1622688319627666e-06,5.0,0.0,6.0,9.69312905605572e-07,0,1.1617138900328429e-06,2.131026795638415e-06,Germany,DEU,state of berlin,,,macOS-13.0.1-arm64-arm-64bit,3.11.6,3.0.1,10,Apple M1 Max,,,13.5112,52.5149,32.0,machine,N,1.0
2025-06-30T18:39:13,Tesseract OCR,ac9b8c50-0f77-457b-b92d-be42221567c0,5b0fa12a-3dd7-45bb-9766-cc326314d9f1,0.5743117090314627,6.670821274476621e-07,1.16153321786291e-06,5.0,0.0,6.0,7.967899306095205e-07,0,9.543115983251485e-07,1.7511015289346688e-06,Germany,DEU,state of berlin,,,macOS-13.0.1-arm64-arm-64bit,3.11.6,3.0.1,10,Apple M1 Max,,,13.5112,52.5149,32.0,machine,N,1.0
2025-06-30T18:39:14,Tesseract OCR,80732259-bdbb-4be6-9ae5-5a5776feaeaa,5b0fa12a-3dd7-45bb-9766-cc326314d9f1,0.7489836659515277,8.707195048430246e-07,1.1625347045944462e-06,5.0,0.0,6.0,1.0394857638554337e-06,0,1.2461672216886656e-06,2.2856529855440992e-06,Germany,DEU,state of berlin,,,macOS-13.0.1-arm64-arm-64bit,3.11.6,3.0.1,10,Apple M1 Max,,,13.5112,52.5149,32.0,machine,N,1.0
2025-06-30T18:39:15,Tesseract OCR,38060304-d04b-4989-b675-960cc4a06b4d,5b0fa12a-3dd7-45bb-9766-cc326314d9f1,0.3715294160647318,4.3126464568275946e-07,1.1607819651287584e-06,5.0,0.0,6.0,5.151585069446203e-07,0,6.16918263452438e-07,1.1320767703970585e-06,Germany,DEU,state of berlin,,,macOS-13.0.1-arm64-arm-64bit,3.11.6,3.0.1,10,Apple M1 Max,,,13.5112,52.5149,32.0,machine,N,1.0
2025-06-30T18:39:19,Tesseract OCR,b6331bc8-679d-427c-8daf-bf3e9a097ae9,5b0fa12a-3dd7-45bb-9766-cc326314d9f1,0.428317666053772,4.973933237244572e-07,1.1612720257539257e-06,5.0,0.0,6.0,5.940999416957816e-07,0,7.115656934911385e-07,1.30566563518692e-06,Germany,DEU,state of berlin,,,macOS-13.0.1-arm64-arm-64bit,3.11.6,3.0.1,10,Apple M1 Max,,,13.5112,52.5149,32.0,machine,N,1.0
2025-06-30T18:39:21,Tesseract OCR,edc0ba47-dfbd-42b4-8f33-4b3aefa91fcf,5b0fa12a-3dd7-45bb-9766-cc326314d9f1,0.5287592500681058,6.136269147705834e-07,1.1605034137777191e-06,5.0,0.0,6.0,7.329075236662498e-07,0,8.778731949860231e-07,1.610780718652273e-06,Germany,DEU,state of berlin,,,macOS-13.0.1-arm64-arm-64bit,3.11.6,3.0.1,10,Apple M1 Max,,,13.5112,52.5149,32.0,machine,N,1.0
2025-06-30T18:39:22,Tesseract OCR,9bd91720-5ee1-4be2-84dc-2956e445ac96,5b0fa12a-3dd7-45bb-9766-cc326314d9f1,0.6397634580498561,7.434135417219561e-07,1.1620131352735414e-06,5.0,0.0,6.0,8.876897569280117e-07,0,1.0637829867967717e-06,1.951472743724783e-06,Germany,DEU,state of berlin,,,macOS-13.0.1-arm64-arm-64bit,3.11.6,3.0.1,10,Apple M1 Max,,,13.5112,52.5149,32.0,machine,N,1.0
2025-06-30T18:39:23,Tesseract OCR,99d457af-4f9d-4fdf-9b2f-d8b0faff9c0a,5b0fa12a-3dd7-45bb-9766-cc326314d9f1,0.8143596249865368,9.467038052289396e-07,1.1625131897281754e-06,5.0,0.0,6.0,1.130207812497651e-06,0,1.3549052081846942e-06,2.4851130206823455e-06,Germany,DEU,state of berlin,,,macOS-13.0.1-arm64-arm-64bit,3.11.6,3.0.1,10,Apple M1 Max,,,13.5112,52.5149,32.0,machine,N,1.0
2025-06-30T18:39:24,Tesseract OCR,50784d68-b96d-46f0-836d-9ca00946b8af,5b0fa12a-3dd7-45bb-9766-cc326314d9f1,0.4877427920000627,5.657456663606669e-07,1.1599262472762368e-06,5.0,0.0,6.0,6.757872111241644e-07,0,8.093044448954364e-07,1.4850916560196008e-06,Germany,DEU,state of berlin,,,macOS-13.0.1-arm64-arm-64bit,3.11.6,3.0.1,10,Apple M1 Max,,,13.5112,52.5149,32.0,machine,N,1.0
2025-06-30T18:39:26,Tesseract OCR,54a8bfa7-9e40-47dd-9296-f9ddd7f3cc30,5b0fa12a-3dd7-45bb-9766-cc326314d9f1,0.865010584006086,1.0056703863784756e-06,1.1626104986148933e-06,5.0,0.0,6.0,1.2005763319191629e-06,0,1.4393249317072332e-06,2.639901263626396e-06,Germany,DEU,state of berlin,,,macOS-13.0.1-arm64-arm-64bit,3.11.6,3.0.1,10,Apple M1 Max,,,13.5112,52.5149,32.0,machine,N,1.0
2025-06-30T18:39:27,Tesseract OCR,2b6f396d-26fb-4e61-9e7c-88b28a3f677b,5b0fa12a-3dd7-45bb-9766-cc326314d9f1,0.4623240419896319,5.368321830135909e-07,1.1611599965757996e-06,5.0,0.0,6.0,6.411290512510783e-07,0,7.680642366176472e-07,1.4091932878687251e-06,Germany,DEU,state of berlin,,,macOS-13.0.1-arm64-arm-64bit,3.11.6,3.0.1,10,Apple M1 Max,,,13.5112,52.5149,32.0,machine,N,1.0
2025-06-30T18:39:28,Tesseract OCR,d0f074ad-fbf1-4b39-b41c-c1145c52ec83,5b0fa12a-3dd7-45bb-9766-cc326314d9f1,0.4855264159850776,5.639498875123763e-07,1.1615225638510036e-06,5.0,0.0,6.0,6.735076388900375e-07,0,8.068700681906194e-07,1.480377707080657e-06,Germany,DEU,state of berlin,,,macOS-13.0.1-arm64-arm-64bit,3.11.6,3.0.1,10,Apple M1 Max,,,13.5112,52.5149,32.0,machine,N,1.0
2025-06-30T18:39:29,Tesseract OCR,7eb26d8e-0a9c-4968-acdf-5100bf44c849,5b0fa12a-3dd7-45bb-9766-cc326314d9f1,0.3085621250793338,3.579564665330011e-07,1.1600790811282092e-06,5.0,0.0,6.0,4.277003473058964e-07,0,5.119412501032154e-07,9.396415974091116e-07,Germany,DEU,state of berlin,,,macOS-13.0.1-arm64-arm-64bit,3.11.6,3.0.1,10,Apple M1 Max,,,13.5112,52.5149,32.0,machine,N,1.0
2025-06-30T18:39:30,Tesseract OCR,0520be69-22d0-40d9-9489-bc3e8992ea54,5b0fa12a-3dd7-45bb-9766-cc326314d9f1,0.5801484169205651,6.736293926344645e-07,1.1611328635698044e-06,5.0,0.0,6.0,8.045318874388209e-07,0,9.63756320027945e-07,1.768288207466766e-06,Germany,DEU,state of berlin,,,macOS-13.0.1-arm64-arm-64bit,3.11.6,3.0.1,10,Apple M1 Max,,,13.5112,52.5149,32.0,machine,N,1.0
2025-06-30T18:39:31,Tesseract OCR,ecda87dd-39b8-4ab6-adb2-42500b8d8f40,5b0fa12a-3dd7-45bb-9766-cc326314d9f1,0.5852423750329763,6.791604333254962e-07,1.1604772010694338e-06,5.0,0.0,6.0,8.110802665921962e-07,0,9.717270134327311e-07,1.7828072800249276e-06,Germany,DEU,state of berlin,,,macOS-13.0.1-arm64-arm-64bit,3.11.6,3.0.1,10,Apple M1 Max,,,13.5112,52.5149,32.0,machine,N,1.0
2025-06-30T18:39:31,Tesseract OCR,d4c15d01-a278-4fb5-9b9e-4c132e42fad3,5b0fa12a-3dd7-45bb-9766-cc326314d9f1,0.2752883749781176,3.1907969931914866e-07,1.159074368267501e-06,5.0,0.0,6.0,3.813690973200008e-07,0,4.562203483267998e-07,8.375894456468006e-07,Germany,DEU,state of berlin,,,macOS-13.0.1-arm64-arm-64bit,3.11.6,3.0.1,10,Apple M1 Max,,,13.5112,52.5149,32.0,machine,N,1.0
2025-06-30T18:39:32,Tesseract OCR,cfec9b25-efb4-48e1-979e-19e5fff6522f,5b0fa12a-3dd7-45bb-9766-cc326314d9f1,0.6104475419269875,7.086878988963258e-07,1.1609316939162782e-06,5.0,0.0,6.0,8.463979166764249e-07,0,1.0139194449099403e-06,1.860317361586365e-06,Germany,DEU,state of berlin,,,macOS-13.0.1-arm64-arm-64bit,3.11.6,3.0.1,10,Apple M1 Max,,,13.5112,52.5149,32.0,machine,N,1.0
2025-06-30T18:39:33,Tesseract OCR,52cbfa17-8a30-4dce-8da0-3d1f096764e7,5b0fa12a-3dd7-45bb-9766-cc326314d9f1,0.4387967910151928,5.097229954434765e-07,1.1616379287191002e-06,5.0,0.0,6.0,6.087556707724515e-07,0,7.292755549618353e-07,1.3380312257342867e-06,Germany,DEU,state of berlin,,,macOS-13.0.1-arm64-arm-64bit,3.11.6,3.0.1,10,Apple M1 Max,,,13.5112,52.5149,32.0,machine,N,1.0
2025-06-30T18:39:35,Tesseract OCR,7b692767-1dba-4075-88d9-03a6f9a29a99,5b0fa12a-3dd7-45bb-9766-cc326314d9f1,0.8251035419525579,9.592466725748836e-07,1.1625773297553468e-06,5.0,0.0,6.0,1.1452761000125774e-06,0,1.3727621532355743e-06,2.518038253248152e-06,Germany,DEU,state of berlin,,,macOS-13.0.1-arm64-arm-64bit,3.11.6,3.0.1,10,Apple M1 Max,,,13.5112,52.5149,32.0,machine,N,1.0
2025-06-30T18:39:36,Tesseract OCR,41e2ca17-0f2c-4ef3-9d1f-92bdae20ec51,5b0fa12a-3dd7-45bb-9766-cc326314d9f1,0.6783373339567333,7.879523465718441e-07,1.161593660156854e-06,5.0,0.0,6.0,9.411191554843551e-07,0,1.1272686816907177e-06,2.068387837175073e-06,Germany,DEU,state of berlin,,,macOS-13.0.1-arm64-arm-64bit,3.11.6,3.0.1,10,Apple M1 Max,,,13.5112,52.5149,32.0,machine,N,1.0
2025-06-30T18:39:37,Tesseract OCR,38a78e29-918f-4081-aa13-5ebaedfa3d41,5b0fa12a-3dd7-45bb-9766-cc326314d9f1,0.5989477910334244,6.954596213722415e-07,1.161135631157927e-06,5.0,0.0,6.0,8.30599652706749e-07,0,9.949932633511102e-07,1.8255929160578592e-06,Germany,DEU,state of berlin,,,macOS-13.0.1-arm64-arm-64bit,3.11.6,3.0.1,10,Apple M1 Max,,,13.5112,52.5149,32.0,machine,N,1.0
2025-06-30T18:39:38,Tesseract OCR,07e9aceb-9c1c-47c0-8635-297405da38cc,5b0fa12a-3dd7-45bb-9766-cc326314d9f1,0.2933526249835267,3.402146144584565e-07,1.1597462762692553e-06,5.0,0.0,6.0,4.065986680668882e-07,0,4.864702765674641e-07,8.930689446343523e-07,Germany,DEU,state of berlin,,,macOS-13.0.1-arm64-arm-64bit,3.11.6,3.0.1,10,Apple M1 Max,,,13.5112,52.5149,32.0,machine,N,1.0
2025-06-30T18:39:39,Tesseract OCR,4dd3eea6-e6e9-4520-9bd7-bb8a62eba97a,5b0fa12a-3dd7-45bb-9766-cc326314d9f1,0.2986591249937191,3.462867733924796e-07,1.159471599602932e-06,5.0,0.0,6.0,4.138469332247042e-07,0,4.951615282334387e-07,9.090084614581429e-07,Germany,DEU,state of berlin,,,macOS-13.0.1-arm64-arm-64bit,3.11.6,3.0.1,10,Apple M1 Max,,,13.5112,52.5149,32.0,machine,N,1.0
2025-06-30T18:39:40,Tesseract OCR,dc90a0ef-60c7-4726-9d0c-64a6230d6178,5b0fa12a-3dd7-45bb-9766-cc326314d9f1,0.2775416659424081,3.218621546188774e-07,1.1596894957230172e-06,5.0,0.0,6.0,3.846248264178738e-07,0,4.602686100406572e-07,8.44893436458531e-07,Germany,DEU,state of berlin,,,macOS-13.0.1-arm64-arm-64bit,3.11.6,3.0.1,10,Apple M1 Max,,,13.5112,52.5149,32.0,machine,N,1.0
2025-06-30T18:39:44,Tesseract OCR,c7fa9734-86a6-4c52-bcbb-fac2aab5151e,5b0fa12a-3dd7-45bb-9766-cc326314d9f1,0.4643717500148341,5.394620423711765e-07,1.161702972573038e-06,5.0,0.0,6.0,6.442480319593516e-07,0,7.718486798694357e-07,1.4160967118287871e-06,Germany,DEU,state of berlin,,,macOS-13.0.1-arm64-arm-64bit,3.11.6,3.0.1,10,Apple M1 Max,,,13.5112,52.5149,32.0,machine,N,1.0
2025-06-30T18:39:46,Tesseract OCR,a0294656-ae4d-4efe-b356-c9941a620b50,5b0fa12a-3dd7-45bb-9766-cc326314d9f1,1.1086190420901405,1.289250134974144e-06,1.1629334207929986e-06,5.0,0.0,6.0,1.5389028944708924e-06,0,1.845399861728462e-06,3.3843027561993545e-06,Germany,DEU,state of berlin,,,macOS-13.0.1-arm64-arm-64bit,3.11.6,3.0.1,10,Apple M1 Max,,,13.5112,52.5149,32.0,machine,N,1.0
2025-06-30T18:39:47,Tesseract OCR,fb5dbf15-a548-4aff-b720-84c5c45de084,5b0fa12a-3dd7-45bb-9766-cc326314d9f1,0.2265347500797361,2.6241859822644784e-07,1.1584032830904806e-06,5.0,0.0,6.0,3.136826389689102e-07,0,3.751704867075508e-07,6.88853125676461e-07,Germany,DEU,state of berlin,,,macOS-13.0.1-arm64-arm-64bit,3.11.6,3.0.1,10,Apple M1 Max,,,13.5112,52.5149,32.0,machine,N,1.0
2025-06-30T18:39:48,Tesseract OCR,e46198d9-e93e-4015-b7e4-03ec05bcc29b,5b0fa12a-3dd7-45bb-9766-cc326314d9f1,0.2739812079817056,3.176709198224336e-07,1.1594624396416458e-06,5.0,0.0,6.0,3.796809597083161e-07,0,4.542104166466743e-07,8.338913763549904e-07,Germany,DEU,state of berlin,,,macOS-13.0.1-arm64-arm-64bit,3.11.6,3.0.1,10,Apple M1 Max,,,13.5112,52.5149,32.0,machine,N,1.0
2025-06-30T18:39:49,Tesseract OCR,cb912583-163c-4b40-a5c3-3a7129dbbdff,5b0fa12a-3dd7-45bb-9766-cc326314d9f1,0.2395537919364869,2.7769926563814e-07,1.159235524486152e-06,5.0,0.0,6.0,3.3191359996433477e-07,0,3.9705152836783476e-07,7.289651283321695e-07,Germany,DEU,state of berlin,,,macOS-13.0.1-arm64-arm-64bit,3.11.6,3.0.1,10,Apple M1 Max,,,13.5112,52.5149,32.0,machine,N,1.0
2025-06-30T18:39:50,Tesseract OCR,a88de190-b708-4ad6-a0d3-c591db41565b,5b0fa12a-3dd7-45bb-9766-cc326314d9f1,0.5430105839623138,6.303592045410025e-07,1.1608598859000342e-06,5.0,0.0,6.0,7.528649888829224e-07,0,9.018382649325456e-07,1.654703253815468e-06,Germany,DEU,state of berlin,,,macOS-13.0.1-arm64-arm-64bit,3.11.6,3.0.1,10,Apple M1 Max,,,13.5112,52.5149,32.0,machine,N,1.0
2025-06-30T18:39:51,Tesseract OCR,6afecf7e-3962-4429-86c7-a114baa3f7d0,5b0fa12a-3dd7-45bb-9766-cc326314d9f1,0.2718923330539837,3.152486249761811e-07,1.1594612523097114e-06,5.0,0.0,6.0,3.767578125310441e-07,0,4.5077500011151034e-07,8.275328126425545e-07,Germany,DEU,state of berlin,,,macOS-13.0.1-arm64-arm-64bit,3.11.6,3.0.1,10,Apple M1 Max,,,13.5112,52.5149,32.0,machine,N,1.0
2025-06-30T18:39:52,Tesseract OCR,30c60c0f-b65c-48a3-8021-0bddbe764152,5b0fa12a-3dd7-45bb-9766-cc326314d9f1,0.7195106670260429,8.362938522512301e-07,1.1623091784141126e-06,5.0,0.0,6.0,9.984225125258994e-07,0,1.196862570165346e-06,2.1952850826912457e-06,Germany,DEU,state of berlin,,,macOS-13.0.1-arm64-arm-64bit,3.11.6,3.0.1,10,Apple M1 Max,,,13.5112,52.5149,32.0,machine,N,1.0
2025-06-30T18:39:53,Tesseract OCR,5dfc4e28-08e2-455d-8a3a-f19bc437af21,5b0fa12a-3dd7-45bb-9766-cc326314d9f1,0.385908417054452,4.479429767467162e-07,1.1607494341941526e-06,5.0,0.0,6.0,5.35149884752981e-07,0,6.407077783175433e-07,1.1758576630705245e-06,Germany,DEU,state of berlin,,,macOS-13.0.1-arm64-arm-64bit,3.11.6,3.0.1,10,Apple M1 Max,,,13.5112,52.5149,32.0,machine,N,1.0
2025-06-30T18:39:54,Tesseract OCR,6dea328a-935b-4129-b98b-2ffe6c4cc36c,5b0fa12a-3dd7-45bb-9766-cc326314d9f1,0.4629804579308256,5.376266572822497e-07,1.1612296978689692e-06,5.0,0.0,6.0,6.421827541392607e-07,0,7.690960417191188e-07,1.4112787958583796e-06,Germany,DEU,state of berlin,,,macOS-13.0.1-arm64-arm-64bit,3.11.6,3.0.1,10,Apple M1 Max,,,13.5112,52.5149,32.0,machine,N,1.0
2025-06-30T18:39:55,Tesseract OCR,765e3180-8532-4fb2-b552-5b81e13f0f77,5b0fa12a-3dd7-45bb-9766-cc326314d9f1,0.4718382910359651,5.480327560752776e-07,1.16148427647112e-06,5.0,0.0,6.0,6.545129625010304e-07,0,7.840820134151727e-07,1.438594975916203e-06,Germany,DEU,state of berlin,,,macOS-13.0.1-arm64-arm-64bit,3.11.6,3.0.1,10,Apple M1 Max,,,13.5112,52.5149,32.0,machine,N,1.0
2025-06-30T18:39:56,Tesseract OCR,dadab7db-729e-441b-b2a3-f56c52f0d80c,5b0fa12a-3dd7-45bb-9766-cc326314d9f1,1.149228124995716,1.336588255763578e-06,1.1630312787276768e-06,5.0,0.0,6.0,1.595447974978015e-06,0,1.9131181249395015e-06,3.5085660999175164e-06,Germany,DEU,state of berlin,,,macOS-13.0.1-arm64-arm-64bit,3.11.6,3.0.1,10,Apple M1 Max,,,13.5112,52.5149,32.0,machine,N,1.0
2025-06-30T18:39:58,Tesseract OCR,fae4daf9-aea3-4eb9-8bad-d1b0926a9ff1,5b0fa12a-3dd7-45bb-9766-cc326314d9f1,0.7905666660517454,9.184265347350834e-07,1.1617319249265806e-06,5.0,0.0,6.0,1.0966479167109357e-06,0,1.3142368049981694e-06,2.4108847217091047e-06,Germany,DEU,state of berlin,,,macOS-13.0.1-arm64-arm-64bit,3.11.6,3.0.1,10,Apple M1 Max,,,13.5112,52.5149,32.0,machine,N,1.0
2025-06-30T18:39:59,Tesseract OCR,df7aa108-71eb-431e-8f37-4a78325e6f92,5b0fa12a-3dd7-45bb-9766-cc326314d9f1,0.6361756670521572,7.38841727192061e-07,1.161380048714574e-06,5.0,0.0,6.0,8.823389472025965e-07,0,1.0571327083744109e-06,1.9394716555770073e-06,Germany,DEU,state of berlin,,,macOS-13.0.1-arm64-arm-64bit,3.11.6,3.0.1,10,Apple M1 Max,,,13.5112,52.5149,32.0,machine,N,1.0
2025-06-30T18:40:00,Tesseract OCR,ae529912-7c40-486e-9e96-5e0491ce50b0,5b0fa12a-3dd7-45bb-9766-cc326314d9f1,0.3488069579470902,4.0475014199961635e-07,1.160384369571584e-06,5.0,0.0,6.0,4.835364583414048e-07,0,5.789393048811083e-07,1.062475763222513e-06,Germany,DEU,state of berlin,,,macOS-13.0.1-arm64-arm-64bit,3.11.6,3.0.1,10,Apple M1 Max,,,13.5112,52.5149,32.0,machine,N,1.0
2025-06-30T18:40:01,Tesseract OCR,754fb6dd-74da-4f3d-b556-7bd6ec8786fe,5b0fa12a-3dd7-45bb-9766-cc326314d9f1,0.5092112909769639,5.91055714938455e-07,1.1607278263694149e-06,5.0,0.0,6.0,7.059719903433386e-07,0,8.455589584385356e-07,1.5515309487818742e-06,Germany,DEU,state of berlin,,,macOS-13.0.1-arm64-arm-64bit,3.11.6,3.0.1,10,Apple M1 Max,,,13.5112,52.5149,32.0,machine,N,1.0
2025-06-30T18:40:02,Tesseract OCR,6bfb862a-d972-4250-bdba-1389899d9869,5b0fa12a-3dd7-45bb-9766-cc326314d9f1,0.4587488330435008,5.327561015054462e-07,1.16132415633835e-06,5.0,0.0,6.0,6.362449652644702e-07,0,7.622485417717447e-07,1.398493507036215e-06,Germany,DEU,state of berlin,,,macOS-13.0.1-arm64-arm-64bit,3.11.6,3.0.1,10,Apple M1 Max,,,13.5112,52.5149,32.0,machine,N,1.0
2025-06-30T18:40:02,Tesseract OCR,c52427ab-c133-443d-babb-c287defea3cf,5b0fa12a-3dd7-45bb-9766-cc326314d9f1,0.3636370409512892,4.219018911322702e-07,1.1602280395543802e-06,5.0,0.0,6.0,5.04021469451901e-07,0,6.034779166414712e-07,1.1074993860933723e-06,Germany,DEU,state of berlin,,,macOS-13.0.1-arm64-arm-64bit,3.11.6,3.0.1,10,Apple M1 Max,,,13.5112,52.5149,32.0,machine,N,1.0
2025-06-30T18:40:03,Tesseract OCR,7a631984-d5fc-4323-9094-ef95e096c1da,5b0fa12a-3dd7-45bb-9766-cc326314d9f1,0.3965948749100789,4.605136256779548e-07,1.1611688773899772e-06,5.0,0.0,6.0,5.500861694195516e-07,0,6.587696533339719e-07,1.2088558227535235e-06,Germany,DEU,state of berlin,,,macOS-13.0.1-arm64-arm-64bit,3.11.6,3.0.1,10,Apple M1 Max,,,13.5112,52.5149,32.0,machine,N,1.0
2025-06-30T18:40:05,Tesseract OCR,0643bdc8-517d-4df4-aa61-51bcd20eba3d,5b0fa12a-3dd7-45bb-9766-cc326314d9f1,0.7733552909921855,8.990153906094913e-07,1.162486894550225e-06,5.0,0.0,6.0,1.0732603582760526e-06,0,1.286669791637299e-06,2.359930149913351e-06,Germany,DEU,state of berlin,,,macOS-13.0.1-arm64-arm-64bit,3.11.6,3.0.1,10,Apple M1 Max,,,13.5112,52.5149,32.0,machine,N,1.0
2025-06-30T18:40:09,Tesseract OCR,24d06c58-4ab3-4b31-a600-0fde51c7e6a4,5b0fa12a-3dd7-45bb-9766-cc326314d9f1,0.746235000086017,8.674309807287904e-07,1.1624099387308333e-06,5.0,0.0,6.0,1.035559722287063e-06,0,1.2414608335044856e-06,2.277020555791549e-06,Germany,DEU,state of berlin,,,macOS-13.0.1-arm64-arm-64bit,3.11.6,3.0.1,10,Apple M1 Max,,,13.5112,52.5149,32.0,machine,N,1.0
2025-06-30T18:40:11,Tesseract OCR,bb1b5513-d6e9-4b0d-8135-89a5b432d1cc,5b0fa12a-3dd7-45bb-9766-cc326314d9f1,0.3886677080299705,4.512535899450531e-07,1.1610267089908497e-06,5.0,0.0,6.0,5.390148137747827e-07,0,6.455332632564629e-07,1.1845480770312456e-06,Germany,DEU,state of berlin,,,macOS-13.0.1-arm64-arm-64bit,3.11.6,3.0.1,10,Apple M1 Max,,,13.5112,52.5149,32.0,machine,N,1.0
2025-06-30T18:40:12,Tesseract OCR,bb3bdd65-1914-44e7-84e4-73588fd23658,5b0fa12a-3dd7-45bb-9766-cc326314d9f1,0.2625085420440882,3.0385434831606273e-07,1.157502708102468e-06,5.0,0.0,6.0,3.633568860499914e-07,0,4.342657634212325e-07,7.976226494712238e-07,Germany,DEU,state of berlin,,,macOS-13.0.1-arm64-arm-64bit,3.11.6,3.0.1,10,Apple M1 Max,,,13.5112,52.5149,32.0,machine,N,1.0
2025-06-30T18:40:13,Tesseract OCR,1e1783f9-5dd3-4563-91be-3e5bad024be3,5b0fa12a-3dd7-45bb-9766-cc326314d9f1,0.5469302500132471,6.352734408844554e-07,1.1615255160398762e-06,5.0,0.0,6.0,7.587395249477899e-07,0,9.088636798939358e-07,1.6676032048417256e-06,Germany,DEU,state of berlin,,,macOS-13.0.1-arm64-arm-64bit,3.11.6,3.0.1,10,Apple M1 Max,,,13.5112,52.5149,32.0,machine,N,1.0
2025-06-30T18:40:14,Tesseract OCR,42d95da1-1642-4c89-9fa1-07620d0f1c73,5b0fa12a-3dd7-45bb-9766-cc326314d9f1,0.6273706660140306,7.289994027945503e-07,1.1619915343288411e-06,5.0,0.0,6.0,8.70561920843708e-07,0,1.04307347171319e-06,1.913635392556898e-06,Germany,DEU,state of berlin,,,macOS-13.0.1-arm64-arm-64bit,3.11.6,3.0.1,10,Apple M1 Max,,,13.5112,52.5149,32.0,machine,N,1.0
2025-06-30T18:40:15,Tesseract OCR,db77fa53-aa7b-41e2-895f-d156b259aff7,5b0fa12a-3dd7-45bb-9766-cc326314d9f1,0.4319735000608489,5.015363537874639e-07,1.1610350026490427e-06,5.0,0.0,6.0,5.990667819989741e-07,0,7.174743750753502e-07,1.3165411570743243e-06,Germany,DEU,state of berlin,,,macOS-13.0.1-arm64-arm-64bit,3.11.6,3.0.1,10,Apple M1 Max,,,13.5112,52.5149,32.0,machine,N,1.0
2025-06-30T18:40:16,Tesseract OCR,e3889267-cd3a-4df7-aef7-2a24c0558e04,5b0fa12a-3dd7-45bb-9766-cc326314d9f1,0.4769275420112535,5.538778872466695e-07,1.1613459875076794e-06,5.0,0.0,6.0,6.614694444579072e-07,0,7.924690966804822e-07,1.4539385411383894e-06,Germany,DEU,state of berlin,,,macOS-13.0.1-arm64-arm-64bit,3.11.6,3.0.1,10,Apple M1 Max,,,13.5112,52.5149,32.0,machine,N,1.0
2025-06-30T18:40:17,Tesseract OCR,1327915d-97fb-45f6-8715-6bcbf6811b58,5b0fa12a-3dd7-45bb-9766-cc326314d9f1,0.7050076669547707,8.191858770509619e-07,1.1619531466790648e-06,5.0,0.0,6.0,9.781129638819645e-07,0,1.172263403229105e-06,2.1503763671110694e-06,Germany,DEU,state of berlin,,,macOS-13.0.1-arm64-arm-64bit,3.11.6,3.0.1,10,Apple M1 Max,,,13.5112,52.5149,32.0,machine,N,1.0
2025-06-30T18:40:18,Tesseract OCR,d056ffaa-d8ca-4d79-b1fe-e39e8cc394fe,5b0fa12a-3dd7-45bb-9766-cc326314d9f1,0.7735182499745861,8.991415800505994e-07,1.1624051275844372e-06,5.0,0.0,6.0,1.0733943861042563e-06,0,1.2868670131623125e-06,2.360261399266569e-06,Germany,DEU,state of berlin,,,macOS-13.0.1-arm64-arm-64bit,3.11.6,3.0.1,10,Apple M1 Max,,,13.5112,52.5149,32.0,machine,N,1.0
2025-06-30T18:40:19,Tesseract OCR,850e9558-be0a-43cd-bd9b-1b9f619ccb98,5b0fa12a-3dd7-45bb-9766-cc326314d9f1,0.501436791033484,5.824262139092219e-07,1.1615147199486798e-06,5.0,0.0,6.0,6.955085070027659e-07,0,8.333698599987354e-07,1.5288783670015012e-06,Germany,DEU,state of berlin,,,macOS-13.0.1-arm64-arm-64bit,3.11.6,3.0.1,10,Apple M1 Max,,,13.5112,52.5149,32.0,machine,N,1.0
2025-06-30T18:40:20,Tesseract OCR,a7871313-17c4-4999-8e2d-dcfc03820618,5b0fa12a-3dd7-45bb-9766-cc326314d9f1,0.3647954579209909,4.234925207948804e-07,1.1609040397827606e-06,5.0,0.0,6.0,5.058741901949462e-07,0,6.058006248592089e-07,1.1116748150541552e-06,Germany,DEU,state of berlin,,,macOS-13.0.1-arm64-arm-64bit,3.11.6,3.0.1,10,Apple M1 Max,,,13.5112,52.5149,32.0,machine,N,1.0
2025-06-30T18:40:21,Tesseract OCR,2b0e0715-3910-4eab-8d8e-e61467bef180,5b0fa12a-3dd7-45bb-9766-cc326314d9f1,0.3063824999844655,3.5542658848842097e-07,1.1600747056585871e-06,5.0,0.0,6.0,4.246986110552421e-07,0,5.083020149807756e-07,9.330006260360176e-07,Germany,DEU,state of berlin,,,macOS-13.0.1-arm64-arm-64bit,3.11.6,3.0.1,10,Apple M1 Max,,,13.5112,52.5149,32.0,machine,N,1.0
2025-06-30T18:40:22,Tesseract OCR,fb79be64-af9a-403d-a602-064b3660baff,5b0fa12a-3dd7-45bb-9766-cc326314d9f1,0.73207883303985,8.509730275425051e-07,1.162406272571718e-06,5.0,0.0,6.0,1.0159335070056842e-06,0,1.2178846516568835e-06,2.2338181586625675e-06,Germany,DEU,state of berlin,,,macOS-13.0.1-arm64-arm-64bit,3.11.6,3.0.1,10,Apple M1 Max,,,13.5112,52.5149,32.0,machine,N,1.0
2025-06-30T18:40:23,Tesseract OCR,63eb545f-11b1-4e51-b2a0-754ed5acabe2,5b0fa12a-3dd7-45bb-9766-cc326314d9f1,0.4751114170067012,5.519813297254764e-07,1.1617934445841594e-06,5.0,0.0,6.0,6.591862264839518e-07,0,7.897738200457146e-07,1.4489600465296664e-06,Germany,DEU,state of berlin,,,macOS-13.0.1-arm64-arm-64bit,3.11.6,3.0.1,10,Apple M1 Max,,,13.5112,52.5149,32.0,machine,N,1.0
2025-06-30T18:40:24,Tesseract OCR,76f85a97-576f-4bf9-90b6-b3e86650292f,5b0fa12a-3dd7-45bb-9766-cc326314d9f1,0.2435728749260306,2.824166690479971e-07,1.1594750406167465e-06,5.0,0.0,6.0,3.375403346985372e-07,0,4.038080549798906e-07,7.413483896784277e-07,Germany,DEU,state of berlin,,,macOS-13.0.1-arm64-arm-64bit,3.11.6,3.0.1,10,Apple M1 Max,,,13.5112,52.5149,32.0,machine,N,1.0
2025-06-30T18:40:25,Tesseract OCR,ee723af8-fde4-4301-bf83-734a24213c75,5b0fa12a-3dd7-45bb-9766-cc326314d9f1,0.3953933750744909,4.589415191418004e-07,1.160721317233343e-06,5.0,0.0,6.0,5.481483222360515e-07,0,6.565806950675324e-07,1.204729017303584e-06,Germany,DEU,state of berlin,,,macOS-13.0.1-arm64-arm-64bit,3.11.6,3.0.1,10,Apple M1 Max,,,13.5112,52.5149,32.0,machine,N,1.0
2025-06-30T18:40:25,Tesseract OCR,9f3dbc2b-d083-425d-bd4c-7924d312f4e9,5b0fa12a-3dd7-45bb-9766-cc326314d9f1,0.3272319999523461,3.797845623213507e-07,1.1605972593653974e-06,5.0,0.0,6.0,4.5376174869791915e-07,0,5.43178958275045e-07,9.96940706972964e-07,Germany,DEU,state of berlin,,,macOS-13.0.1-arm64-arm-64bit,3.11.6,3.0.1,10,Apple M1 Max,,,13.5112,52.5149,32.0,machine,N,1.0
2025-06-30T18:40:26,Tesseract OCR,3ab2db10-904b-4db5-95ff-d01b5df5f2d5,5b0fa12a-3dd7-45bb-9766-cc326314d9f1,0.4518339170608669,5.246648076398463e-07,1.1611895163885366e-06,5.0,0.0,6.0,6.266549777744027e-07,0,7.505987501159932e-07,1.3772537278903958e-06,Germany,DEU,state of berlin,,,macOS-13.0.1-arm64-arm-64bit,3.11.6,3.0.1,10,Apple M1 Max,,,13.5112,52.5149,32.0,machine,N,1.0
2025-06-30T18:40:27,Tesseract OCR,add4377f-388a-446c-a7a3-d127e58927a0,5b0fa12a-3dd7-45bb-9766-cc326314d9f1,0.3051491669612005,3.539225367783867e-07,1.1598345173375082e-06,5.0,0.0,6.0,4.229359374019421e-07,0,5.06116528219233e-07,9.290524656211752e-07,Germany,DEU,state of berlin,,,macOS-13.0.1-arm64-arm-64bit,3.11.6,3.0.1,10,Apple M1 Max,,,13.5112,52.5149,32.0,machine,N,1.0
2025-06-30T18:40:28,Tesseract OCR,5485cfd1-7997-45eb-9505-1555cf93a7c6,5b0fa12a-3dd7-45bb-9766-cc326314d9f1,0.5230125410016626,6.068809109987131e-07,1.1603563268988304e-06,5.0,0.0,6.0,7.248320013685669e-07,0,8.682403467052306e-07,1.5930723480737974e-06,Germany,DEU,state of berlin,,,macOS-13.0.1-arm64-arm-64bit,3.11.6,3.0.1,10,Apple M1 Max,,,13.5112,52.5149,32.0,machine,N,1.0
2025-06-30T18:40:29,Tesseract OCR,5f2435e3-3c48-44d1-a9e4-de79c5fd6c70,5b0fa12a-3dd7-45bb-9766-cc326314d9f1,0.2308084999676793,2.675262733836458e-07,1.1590832808198489e-06,5.0,0.0,6.0,3.198148152377043e-07,0,3.824460415247207e-07,7.02260856762425e-07,Germany,DEU,state of berlin,,,macOS-13.0.1-arm64-arm-64bit,3.11.6,3.0.1,10,Apple M1 Max,,,13.5112,52.5149,32.0,machine,N,1.0
2025-06-30T18:40:29,Tesseract OCR,ae2f9d51-cfe1-40a0-a10c-5624c918516a,5b0fa12a-3dd7-45bb-9766-cc326314d9f1,0.3556332080624997,4.127047529111362e-07,1.1604786717178744e-06,5.0,0.0,6.0,4.930211223028083e-07,0,5.903356250685951e-07,1.0833567473714034e-06,Germany,DEU,state of berlin,,,macOS-13.0.1-arm64-arm-64bit,3.11.6,3.0.1,10,Apple M1 Max,,,13.5112,52.5149,32.0,machine,N,1.0
2025-06-30T18:40:30,Tesseract OCR,39394b00-8305-4a62-aaa0-61d974de90d9,5b0fa12a-3dd7-45bb-9766-cc326314d9f1,0.3390279159648344,3.9352764585241514e-07,1.1607529271814709e-06,5.0,0.0,6.0,4.70109374954417e-07,0,5.629071517614648e-07,1.0330165267158817e-06,Germany,DEU,state of berlin,,,macOS-13.0.1-arm64-arm-64bit,3.11.6,3.0.1,10,Apple M1 Max,,,13.5112,52.5149,32.0,machine,N,1.0
2025-06-30T18:40:34,Tesseract OCR,e6bd954b-5c68-490f-85ae-2cef92f2223c,5b0fa12a-3dd7-45bb-9766-cc326314d9f1,0.4999796249903738,5.806019218499488e-07,1.1612511647072165e-06,5.0,0.0,6.0,6.934510986967427e-07,0,8.30638471719188e-07,1.5240895704159309e-06,Germany,DEU,state of berlin,,,macOS-13.0.1-arm64-arm-64bit,3.11.6,3.0.1,10,Apple M1 Max,,,13.5112,52.5149,32.0,machine,N,1.0
2025-06-30T18:40:36,Tesseract OCR,8a2effa9-5ec8-473f-828a-c444c739202c,5b0fa12a-3dd7-45bb-9766-cc326314d9f1,0.4999381660018116,5.806778824712368e-07,1.1614994052467133e-06,5.0,0.0,6.0,6.935395250265073e-07,0,8.307494432665408e-07,1.5242889682930482e-06,Germany,DEU,state of berlin,,,macOS-13.0.1-arm64-arm-64bit,3.11.6,3.0.1,10,Apple M1 Max,,,13.5112,52.5149,32.0,machine,N,1.0
2025-06-30T18:40:37,Tesseract OCR,becf4ad9-c36e-41e1-9b39-374a38f4081a,5b0fa12a-3dd7-45bb-9766-cc326314d9f1,0.3781900000758469,4.374223362793338e-07,1.1566205774653155e-06,5.0,0.0,6.0,5.227348375936143e-07,0,6.255059716446946e-07,1.148240809238309e-06,Germany,DEU,state of berlin,,,macOS-13.0.1-arm64-arm-64bit,3.11.6,3.0.1,10,Apple M1 Max,,,13.5112,52.5149,32.0,machine,N,1.0
2025-06-30T18:40:38,Tesseract OCR,5ed46fb6-a283-44e1-8f12-24ca5a49cc44,5b0fa12a-3dd7-45bb-9766-cc326314d9f1,0.8334512090077624,9.679962649531229e-07,1.1614312325559389e-06,5.0,0.0,6.0,1.1558751735719851e-06,0,1.3851309032179416e-06,2.541006076789927e-06,Germany,DEU,state of berlin,,,macOS-13.0.1-arm64-arm-64bit,3.11.6,3.0.1,10,Apple M1 Max,,,13.5112,52.5149,32.0,machine,N,1.0
2025-06-30T18:40:39,Tesseract OCR,7b89a10c-1760-41a3-b960-ee7438b82542,5b0fa12a-3dd7-45bb-9766-cc326314d9f1,0.3700414169579744,4.28937451618557e-07,1.159160655974008e-06,5.0,0.0,6.0,5.127079860863483e-07,0,6.132598617114127e-07,1.1259678477977609e-06,Germany,DEU,state of berlin,,,macOS-13.0.1-arm64-arm-64bit,3.11.6,3.0.1,10,Apple M1 Max,,,13.5112,52.5149,32.0,machine,N,1.0
2025-06-30T18:40:40,Tesseract OCR,700325b7-6bca-4173-a74c-0cc2fe346f9b,5b0fa12a-3dd7-45bb-9766-cc326314d9f1,0.5407322080573067,6.27815515635637e-07,1.1610470141795238e-06,5.0,0.0,6.0,7.497719319265646e-07,0,8.982540967796618e-07,1.6480260287062263e-06,Germany,DEU,state of berlin,,,macOS-13.0.1-arm64-arm-64bit,3.11.6,3.0.1,10,Apple M1 Max,,,13.5112,52.5149,32.0,machine,N,1.0
2025-06-30T18:40:41,Tesseract OCR,9ca25eff-efdd-426a-b508-90d18d43dfc0,5b0fa12a-3dd7-45bb-9766-cc326314d9f1,0.4610035410150885,5.347511503806664e-07,1.1599718934982414e-06,5.0,0.0,6.0,6.389476263494644e-07,0,7.647829167156791e-07,1.4037305430651436e-06,Germany,DEU,state of berlin,,,macOS-13.0.1-arm64-arm-64bit,3.11.6,3.0.1,10,Apple M1 Max,,,13.5112,52.5149,32.0,machine,N,1.0
2025-06-30T18:40:42,Tesseract OCR,d2006b66-f4e0-46a0-aad1-4bd83ac5bc9b,5b0fa12a-3dd7-45bb-9766-cc326314d9f1,0.3028447920223698,3.505489161211655e-07,1.1575200411413117e-06,5.0,0.0,6.0,4.19108044459588e-07,0,5.010886115875717e-07,9.201966560471596e-07,Germany,DEU,state of berlin,,,macOS-13.0.1-arm64-arm-64bit,3.11.6,3.0.1,10,Apple M1 Max,,,13.5112,52.5149,32.0,machine,N,1.0
2025-06-30T18:40:43,Tesseract OCR,7cdccc37-0788-4992-9c95-dddeea09de5b,5b0fa12a-3dd7-45bb-9766-cc326314d9f1,0.7930984999984503,9.2123921986214e-07,1.161569741796183e-06,5.0,0.0,6.0,1.1000381362262286e-06,0,1.3182299300873031e-06,2.418268066313532e-06,Germany,DEU,state of berlin,,,macOS-13.0.1-arm64-arm-64bit,3.11.6,3.0.1,10,Apple M1 Max,,,13.5112,52.5149,32.0,machine,N,1.0
2025-06-30T18:40:45,Tesseract OCR,59b6c252-1419-4aff-a0a4-aafadb40787e,5b0fa12a-3dd7-45bb-9766-cc326314d9f1,0.796343290945515,9.243074106195854e-07,1.1606896436863751e-06,5.0,0.0,6.0,1.1038838541329215e-06,0,1.3224382632567236e-06,2.4263221173896458e-06,Germany,DEU,state of berlin,,,macOS-13.0.1-arm64-arm-64bit,3.11.6,3.0.1,10,Apple M1 Max,,,13.5112,52.5149,32.0,machine,N,1.0
2025-06-30T18:40:46,Tesseract OCR,81ccc6c0-073b-45b3-ba92-d38ecc06f459,5b0fa12a-3dd7-45bb-9766-cc326314d9f1,0.40718266600742936,4.719607577052003e-07,1.1590885298063966e-06,5.0,0.0,6.0,5.638013304431095e-07,0,6.751034016876171e-07,1.2389047321307265e-06,Germany,DEU,state of berlin,,,macOS-13.0.1-arm64-arm-64bit,3.11.6,3.0.1,10,Apple M1 Max,,,13.5112,52.5149,32.0,machine,N,1.0
